Coderoute,Longitude,Latitude,Altitude,Date,Speed
1,-74.479126,40.828480,83.000000,2023-5-13 10:43:56,0.00
1,-74.479126,40.828480,83.000000,2023-5-13 10:44:00,0.00
1,-74.479111,40.828518,78.400002,2023-5-13 10:44:03,5.20
1,-74.479027,40.828644,76.900002,2023-5-13 10:44:06,18.39
1,-74.478828,40.828838,76.099998,2023-5-13 10:44:09,32.24
1,-74.478561,40.829082,75.699997,2023-5-13 10:44:12,42.71
1,-74.478241,40.829346,74.599998,2023-5-13 10:44:15,46.76
1,-74.477867,40.829559,72.800003,2023-5-13 10:44:18,45.76
1,-74.477470,40.829739,71.900002,2023-5-13 10:44:21,45.04
1,-74.477043,40.829880,72.000000,2023-5-13 10:44:24,48.26
1,-74.476593,40.830036,72.599998,2023-5-13 10:44:27,49.56
1,-74.476158,40.830250,73.300003,2023-5-13 10:44:30,51.84
1,-74.475807,40.830551,73.800003,2023-5-13 10:44:33,53.93
1,-74.475365,40.830997,74.400002,2023-5-13 10:44:37,54.69
1,-74.475044,40.831337,74.199997,2023-5-13 10:44:40,54.97
1,-74.474724,40.831680,73.300003,2023-5-13 10:44:43,55.08
1,-74.474426,40.832024,72.000000,2023-5-13 10:44:46,53.78
1,-74.474136,40.832363,71.500000,2023-5-13 10:44:49,53.12
1,-74.473846,40.832703,71.800003,2023-5-13 10:44:52,54.15
1,-74.473557,40.833042,72.300003,2023-5-13 10:44:55,53.56
1,-74.473267,40.833370,72.800003,2023-5-13 10:44:58,52.41
1,-74.472961,40.833710,73.400002,2023-5-13 10:45:01,54.62
1,-74.472687,40.834061,73.400002,2023-5-13 10:45:04,54.43
1,-74.472458,40.834431,73.300003,2023-5-13 10:45:07,54.39
1,-74.472237,40.834801,73.199997,2023-5-13 10:45:10,53.71
1,-74.471985,40.835171,72.699997,2023-5-13 10:45:13,55.50
1,-74.471733,40.835537,71.800003,2023-5-13 10:45:16,54.95
1,-74.471489,40.835907,70.500000,2023-5-13 10:45:19,55.63
1,-74.471245,40.836277,69.800003,2023-5-13 10:45:22,54.54
1,-74.470924,40.836796,69.400002,2023-5-13 10:45:26,57.89
1,-74.470688,40.837189,69.599998,2023-5-13 10:45:29,57.56
1,-74.470451,40.837582,70.099998,2023-5-13 10:45:32,57.15
1,-74.470207,40.837978,71.400002,2023-5-13 10:45:35,57.82
1,-74.469879,40.838352,71.800003,2023-5-13 10:45:38,59.50
1,-74.469429,40.838673,70.900002,2023-5-13 10:45:41,61.26
1,-74.468964,40.838966,69.599998,2023-5-13 10:45:44,60.12
1,-74.468513,40.839245,68.599998,2023-5-13 10:45:47,57.63
1,-74.468079,40.839520,67.800003,2023-5-13 10:45:50,56.45
1,-74.467667,40.839794,67.000000,2023-5-13 10:45:53,54.49
1,-74.467300,40.840084,66.599998,2023-5-13 10:45:56,52.82
1,-74.466942,40.840370,66.199997,2023-5-13 10:45:59,52.65
1,-74.466553,40.840626,66.000000,2023-5-13 10:46:02,50.99
1,-74.466171,40.840874,65.900002,2023-5-13 10:46:05,50.24
1,-74.465675,40.841194,65.900002,2023-5-13 10:46:09,48.49
1,-74.465332,40.841473,66.099998,2023-5-13 10:46:12,51.19
1,-74.465057,40.841778,66.099998,2023-5-13 10:46:15,48.43
1,-74.464836,40.842098,65.599998,2023-5-13 10:46:18,48.60
1,-74.464630,40.842415,64.699997,2023-5-13 10:46:21,46.60
1,-74.464424,40.842712,64.000000,2023-5-13 10:46:24,44.86
1,-74.464249,40.842957,63.200001,2023-5-13 10:46:27,37.58
1,-74.464111,40.843128,62.700001,2023-5-13 10:46:30,26.19
1,-74.464027,40.843243,62.400002,2023-5-13 10:46:33,15.04
1,-74.463989,40.843300,61.900002,2023-5-13 10:46:36,4.15
1,-74.463989,40.843300,61.000000,2023-5-13 10:46:39,0.00
1,-74.463989,40.843300,61.000000,2023-5-13 10:46:42,0.00
1,-74.463989,40.843304,61.000000,2023-5-13 10:46:46,0.00
1,-74.463989,40.843304,61.000000,2023-5-13 10:46:49,0.00
1,-74.463959,40.843342,59.500000,2023-5-13 10:46:52,7.57
1,-74.463898,40.843433,57.700001,2023-5-13 10:46:55,15.00
1,-74.463852,40.843491,56.000000,2023-5-13 10:46:58,8.35
1,-74.463692,40.843536,55.299999,2023-5-13 10:47:01,17.89
1,-74.463394,40.843472,55.799999,2023-5-13 10:47:04,31.63
1,-74.462914,40.843216,56.799999,2023-5-13 10:47:07,60.45
1,-74.462265,40.842903,58.000000,2023-5-13 10:47:10,77.91
1,-74.461517,40.842567,58.900002,2023-5-13 10:47:13,89.21
1,-74.460747,40.842232,59.500000,2023-5-13 10:47:16,91.16
1,-74.459946,40.841892,59.599998,2023-5-13 10:47:19,93.30
1,-74.458832,40.841423,59.099998,2023-5-13 10:47:23,97.77
1,-74.458000,40.841068,58.299999,2023-5-13 10:47:26,95.45
1,-74.457184,40.840721,56.900002,2023-5-13 10:47:29,94.58
1,-74.456345,40.840366,55.099998,2023-5-13 10:47:32,96.23
1,-74.455498,40.840012,53.000000,2023-5-13 10:47:35,98.49
1,-74.454659,40.839668,51.200001,2023-5-13 10:47:38,95.97
1,-74.453827,40.839340,50.099998,2023-5-13 10:47:41,94.88
1,-74.452988,40.839012,49.500000,2023-5-13 10:47:44,95.32
1,-74.452141,40.838676,48.599998,2023-5-13 10:47:47,96.43
1,-74.451317,40.838329,47.799999,2023-5-13 10:47:50,95.84
1,-74.450500,40.837990,46.500000,2023-5-13 10:47:53,93.71
1,-74.449707,40.837650,44.500000,2023-5-13 10:47:56,92.34
1,-74.448921,40.837318,42.599998,2023-5-13 10:47:59,90.91
1,-74.448158,40.837006,40.599998,2023-5-13 10:48:02,88.28
1,-74.447472,40.836720,38.799999,2023-5-13 10:48:05,75.34
1,-74.446732,40.836403,37.000000,2023-5-13 10:48:09,61.84
1,-74.446335,40.836235,36.299999,2023-5-13 10:48:12,45.36
1,-74.446037,40.836109,36.200001,2023-5-13 10:48:15,34.26
1,-74.445808,40.836010,36.599998,2023-5-13 10:48:18,26.58
1,-74.445679,40.835953,37.500000,2023-5-13 10:48:21,15.74
1,-74.445656,40.835938,38.000000,2023-5-13 10:48:24,2.87
1,-74.445648,40.835934,38.000000,2023-5-13 10:48:27,0.00
1,-74.445518,40.835861,43.900002,2023-5-13 10:48:30,15.56
1,-74.445290,40.835758,45.799999,2023-5-13 10:48:33,28.24
1,-74.444969,40.835613,47.400002,2023-5-13 10:48:36,42.71
1,-74.444550,40.835423,48.200001,2023-5-13 10:48:39,54.08
1,-74.443840,40.835098,48.200001,2023-5-13 10:48:43,65.58
1,-74.443214,40.834827,47.599998,2023-5-13 10:48:46,73.84
1,-74.442581,40.834560,46.700001,2023-5-13 10:48:49,73.17
1,-74.441971,40.834305,46.099998,2023-5-13 10:48:52,70.41
1,-74.441353,40.834042,45.700001,2023-5-13 10:48:55,71.56
1,-74.440727,40.833778,45.099998,2023-5-13 10:48:58,72.86
1,-74.440109,40.833488,44.700001,2023-5-13 10:49:01,72.51
1,-74.439499,40.833187,44.599998,2023-5-13 10:49:04,73.88
1,-74.438911,40.832878,44.599998,2023-5-13 10:49:07,71.82
1,-74.438370,40.832569,44.599998,2023-5-13 10:49:10,66.76
1,-74.437866,40.832294,44.500000,2023-5-13 10:49:13,59.63
1,-74.437462,40.831879,44.700001,2023-5-13 10:49:17,50.99
1,-74.437462,40.831505,45.400002,2023-5-13 10:49:20,50.19
1,-74.437714,40.831196,47.000000,2023-5-13 10:49:23,48.06
1,-74.438087,40.831085,48.700001,2023-5-13 10:49:26,38.74
1,-74.438469,40.831215,52.200001,2023-5-13 10:49:29,42.11
1,-74.438583,40.831532,54.400002,2023-5-13 10:49:32,41.87
1,-74.438354,40.831944,55.299999,2023-5-13 10:49:35,56.78
1,-74.438034,40.832439,54.400002,2023-5-13 10:49:38,70.78
1,-74.437675,40.832996,52.200001,2023-5-13 10:49:41,80.30
1,-74.437271,40.833595,49.400002,2023-5-13 10:49:44,88.49
1,-74.436859,40.834217,45.700001,2023-5-13 10:49:47,90.54
1,-74.436409,40.834881,41.500000,2023-5-13 10:49:50,98.29
1,-74.435928,40.835560,37.799999,2023-5-13 10:49:53,101.86
1,-74.435432,40.836246,34.900002,2023-5-13 10:49:56,104.10
1,-74.434753,40.837212,31.799999,2023-5-13 10:50:00,110.49
1,-74.434242,40.837936,29.799999,2023-5-13 10:50:03,108.25
1,-74.433739,40.838650,28.200001,2023-5-13 10:50:06,107.66
1,-74.433235,40.839359,26.900000,2023-5-13 10:50:09,106.58
1,-74.432747,40.840050,25.700001,2023-5-13 10:50:12,104.27
1,-74.432259,40.840752,25.799999,2023-5-13 10:50:15,104.90
1,-74.431778,40.841454,27.400000,2023-5-13 10:50:18,104.90
1,-74.431297,40.842155,29.799999,2023-5-13 10:50:21,104.97
1,-74.430817,40.842876,33.000000,2023-5-13 10:50:24,106.64
1,-74.430328,40.843632,36.299999,2023-5-13 10:50:27,111.64
1,-74.429825,40.844383,38.299999,2023-5-13 10:50:30,112.05
1,-74.429321,40.845123,38.900002,2023-5-13 10:50:33,111.06
1,-74.428818,40.845860,40.299999,2023-5-13 10:50:36,110.56
1,-74.428307,40.846588,41.500000,2023-5-13 10:50:39,109.36
1,-74.427818,40.847301,43.299999,2023-5-13 10:50:42,105.53
1,-74.427162,40.848232,45.599998,2023-5-13 10:50:46,104.56
1,-74.426659,40.848930,45.799999,2023-5-13 10:50:49,106.14
1,-74.426132,40.849644,45.700001,2023-5-13 10:50:52,109.08
1,-74.425606,40.850368,45.700001,2023-5-13 10:50:55,110.55
1,-74.425087,40.851093,45.500000,2023-5-13 10:50:58,111.08
1,-74.424583,40.851795,45.599998,2023-5-13 10:51:01,107.06
1,-74.424080,40.852497,45.900002,2023-5-13 10:51:04,105.66
1,-74.423561,40.853222,45.500000,2023-5-13 10:51:07,109.95
1,-74.423050,40.853966,45.299999,2023-5-13 10:51:10,110.84
1,-74.422539,40.854698,46.400002,2023-5-13 10:51:13,108.86
1,-74.421875,40.855675,49.000000,2023-5-13 10:51:17,109.32
1,-74.421371,40.856396,49.599998,2023-5-13 10:51:20,108.51
1,-74.420868,40.857113,49.700001,2023-5-13 10:51:23,108.03
1,-74.420380,40.857815,49.599998,2023-5-13 10:51:26,106.01
1,-74.419891,40.858505,49.400002,2023-5-13 10:51:29,104.14
1,-74.419411,40.859200,49.200001,2023-5-13 10:51:32,105.10
1,-74.418922,40.859894,49.200001,2023-5-13 10:51:35,104.77
1,-74.418449,40.860584,49.700001,2023-5-13 10:51:38,103.51
1,-74.417992,40.861252,50.599998,2023-5-13 10:51:41,98.64
1,-74.417404,40.862080,50.400002,2023-5-13 10:51:45,92.56
1,-74.416901,40.862614,49.099998,2023-5-13 10:51:48,87.75
1,-74.416298,40.863014,47.299999,2023-5-13 10:51:51,81.45
1,-74.415627,40.863270,45.700001,2023-5-13 10:51:54,75.65
1,-74.414886,40.863403,45.799999,2023-5-13 10:51:57,76.97
1,-74.414116,40.863407,47.000000,2023-5-13 10:52:00,78.38
1,-74.413277,40.863297,48.599998,2023-5-13 10:52:03,86.75
1,-74.412346,40.863140,50.299999,2023-5-13 10:52:06,97.58
1,-74.411369,40.862968,52.200001,2023-5-13 10:52:09,101.32
1,-74.410385,40.862797,53.700001,2023-5-13 10:52:12,103.06
1,-74.409386,40.862625,55.000000,2023-5-13 10:52:15,103.27
1,-74.408401,40.862442,56.000000,2023-5-13 10:52:18,101.40
1,-74.407089,40.862179,56.900002,2023-5-13 10:52:22,103.21
1,-74.406113,40.861973,57.200001,2023-5-13 10:52:25,102.38
1,-74.405106,40.861729,57.099998,2023-5-13 10:52:28,106.92
1,-74.404076,40.861481,56.599998,2023-5-13 10:52:31,108.77
1,-74.403053,40.861237,55.900002,2023-5-13 10:52:34,108.99
1,-74.402031,40.861000,54.900002,2023-5-13 10:52:37,107.58
1,-74.401016,40.860767,53.799999,2023-5-13 10:52:40,107.30
1,-74.400002,40.860531,52.400002,2023-5-13 10:52:43,107.69
1,-74.398972,40.860310,50.900002,2023-5-13 10:52:46,107.88
1,-74.397926,40.860142,49.799999,2023-5-13 10:52:49,107.86
1,-74.396873,40.860023,49.000000,2023-5-13 10:52:52,108.19
1,-74.395798,40.859951,48.500000,2023-5-13 10:52:55,109.62
1,-74.394356,40.859943,47.299999,2023-5-13 10:52:59,109.47
1,-74.393280,40.859985,45.500000,2023-5-13 10:53:02,108.69
1,-74.392220,40.860039,43.799999,2023-5-13 10:53:05,107.99
1,-74.391136,40.860092,42.200001,2023-5-13 10:53:08,109.66
1,-74.390060,40.860146,40.299999,2023-5-13 10:53:11,108.43
1,-74.388985,40.860210,38.400002,2023-5-13 10:53:14,109.40
1,-74.387871,40.860279,36.200001,2023-5-13 10:53:17,113.34
1,-74.386734,40.860294,33.700001,2023-5-13 10:53:20,114.73
1,-74.385605,40.860249,31.100000,2023-5-13 10:53:23,115.05
1,-74.384132,40.860126,27.700001,2023-5-13 10:53:27,112.75
1,-74.383156,40.860016,25.600000,2023-5-13 10:53:30,99.29
1,-74.382210,40.859882,24.200001,2023-5-13 10:53:33,96.90
1,-74.381302,40.859741,23.700001,2023-5-13 10:53:36,94.14
1,-74.380379,40.859585,23.900000,2023-5-13 10:53:39,96.25
1,-74.379410,40.859417,24.400000,2023-5-13 10:53:42,100.43
1,-74.378410,40.859245,25.200001,2023-5-13 10:53:45,103.84
1,-74.377411,40.859074,26.100000,2023-5-13 10:53:48,103.75
1,-74.376450,40.858910,27.500000,2023-5-13 10:53:51,100.08
1,-74.375511,40.858742,29.200001,2023-5-13 10:53:54,96.79
1,-74.374634,40.858582,30.700001,2023-5-13 10:53:57,92.06
1,-74.373856,40.858452,31.799999,2023-5-13 10:54:00,80.52
1,-74.373192,40.858341,32.700001,2023-5-13 10:54:03,67.95
1,-74.372559,40.858250,33.400002,2023-5-13 10:54:06,64.62
1,-74.371948,40.858189,33.900002,2023-5-13 10:54:09,61.89
1,-74.371140,40.858204,34.099998,2023-5-13 10:54:13,61.67
1,-74.370499,40.858273,34.299999,2023-5-13 10:54:16,66.34
1,-74.369797,40.858368,34.400002,2023-5-13 10:54:19,72.23
1,-74.369057,40.858471,33.900002,2023-5-13 10:54:22,77.14
1,-74.368286,40.858574,32.900002,2023-5-13 10:54:25,79.15
1,-74.367531,40.858665,31.799999,2023-5-13 10:54:28,77.99
1,-74.366776,40.858700,30.799999,2023-5-13 10:54:31,76.75
1,-74.366028,40.858658,29.600000,2023-5-13 10:54:34,76.19
1,-74.365280,40.858543,28.500000,2023-5-13 10:54:37,77.51
1,-74.364578,40.858345,28.200001,2023-5-13 10:54:40,77.17
1,-74.363899,40.858078,28.799999,2023-5-13 10:54:43,76.56
1,-74.363167,40.857754,29.700001,2023-5-13 10:54:46,88.67
1,-74.362083,40.857235,30.000000,2023-5-13 10:54:50,100.75
1,-74.361282,40.856789,29.799999,2023-5-13 10:54:53,101.10
1,-74.360497,40.856323,29.400000,2023-5-13 10:54:56,101.40
1,-74.359703,40.855808,28.700001,2023-5-13 10:54:59,105.60
1,-74.358902,40.855263,28.299999,2023-5-13 10:55:02,109.25
1,-74.358147,40.854683,28.000000,2023-5-13 10:55:05,108.99
1,-74.357452,40.854065,27.299999,2023-5-13 10:55:08,108.51
1,-74.356796,40.853424,26.500000,2023-5-13 10:55:11,108.19
1,-74.356194,40.852749,26.000000,2023-5-13 10:55:14,108.45
1,-74.355644,40.852047,25.200001,2023-5-13 10:55:17,109.23
1,-74.355118,40.851322,24.400000,2023-5-13 10:55:20,110.93
1,-74.354599,40.850586,24.299999,2023-5-13 10:55:23,111.10
1,-74.354095,40.849854,24.700001,2023-5-13 10:55:26,108.75
1,-74.353432,40.848923,24.799999,2023-5-13 10:55:30,105.64
1,-74.352905,40.848240,24.400000,2023-5-13 10:55:33,105.99
1,-74.352325,40.847576,23.700001,2023-5-13 10:55:36,105.16
1,-74.351662,40.846939,23.299999,2023-5-13 10:55:39,108.90
1,-74.350929,40.846344,23.000000,2023-5-13 10:55:42,108.92
1,-74.350121,40.845798,22.200001,2023-5-13 10:55:45,109.51
1,-74.349258,40.845306,22.000000,2023-5-13 10:55:48,109.71
1,-74.348358,40.844864,22.400000,2023-5-13 10:55:51,109.29
1,-74.347404,40.844475,22.400000,2023-5-13 10:55:54,109.45
1,-74.346436,40.844105,21.700001,2023-5-13 10:55:57,110.16
1,-74.345467,40.843731,20.900000,2023-5-13 10:56:00,110.10
1,-74.344505,40.843361,20.900000,2023-5-13 10:56:03,109.05
1,-74.343536,40.842983,21.000000,2023-5-13 10:56:06,110.18
1,-74.342590,40.842571,20.900000,2023-5-13 10:56:09,110.99
1,-74.341690,40.842091,20.799999,2023-5-13 10:56:12,111.45
1,-74.340874,40.841537,20.600000,2023-5-13 10:56:15,111.31
1,-74.340126,40.840923,20.400000,2023-5-13 10:56:18,111.81
1,-74.339462,40.840256,20.200001,2023-5-13 10:56:21,112.16
1,-74.338875,40.839542,19.900000,2023-5-13 10:56:24,111.58
1,-74.338142,40.838593,20.500000,2023-5-13 10:56:28,110.01
1,-74.337601,40.837887,20.799999,2023-5-13 10:56:31,109.38
1,-74.337051,40.837181,21.000000,2023-5-13 10:56:34,109.06
1,-74.336517,40.836475,21.200001,2023-5-13 10:56:37,108.73
1,-74.335983,40.835777,21.600000,2023-5-13 10:56:40,107.95
1,-74.335426,40.835083,21.700001,2023-5-13 10:56:43,108.18
1,-74.334831,40.834404,21.600000,2023-5-13 10:56:46,108.93
1,-74.334190,40.833752,21.200001,2023-5-13 10:56:49,108.79
1,-74.333511,40.833122,20.700001,2023-5-13 10:56:52,108.88
1,-74.332794,40.832516,20.100000,2023-5-13 10:56:55,109.05
1,-74.332031,40.831936,18.900000,2023-5-13 10:56:58,109.32
1,-74.330971,40.831219,17.000000,2023-5-13 10:57:02,107.97
1,-74.330154,40.830719,16.299999,2023-5-13 10:57:05,106.82
1,-74.329330,40.830212,16.200001,2023-5-13 10:57:08,107.62
1,-74.328506,40.829708,15.700000,2023-5-13 10:57:11,107.64
1,-74.327682,40.829205,14.900000,2023-5-13 10:57:14,107.80
1,-74.326859,40.828705,14.200000,2023-5-13 10:57:17,106.75
1,-74.326050,40.828205,13.900000,2023-5-13 10:57:20,105.90
1,-74.325241,40.827709,13.400000,2023-5-13 10:57:23,105.34
1,-74.324425,40.827213,12.700000,2023-5-13 10:57:26,105.86
1,-74.323616,40.826714,12.600000,2023-5-13 10:57:29,106.05
1,-74.322807,40.826218,13.000000,2023-5-13 10:57:32,105.60
1,-74.321983,40.825718,13.600000,2023-5-13 10:57:35,106.62
1,-74.321182,40.825214,14.500000,2023-5-13 10:57:38,105.25
1,-74.320412,40.824688,17.000000,2023-5-13 10:57:41,104.56
1,-74.319489,40.823910,22.000000,2023-5-13 10:57:45,105.19
1,-74.318863,40.823303,25.500000,2023-5-13 10:57:48,102.99
1,-74.318314,40.822697,29.200001,2023-5-13 10:57:51,97.88
1,-74.317825,40.822044,33.099998,2023-5-13 10:57:54,100.42
1,-74.317337,40.821362,36.599998,2023-5-13 10:57:57,103.84
1,-74.316841,40.820663,40.000000,2023-5-13 10:58:00,106.56
1,-74.316345,40.819950,43.200001,2023-5-13 10:58:03,107.55
1,-74.315842,40.819214,46.500000,2023-5-13 10:58:06,111.31
1,-74.315338,40.818481,50.099998,2023-5-13 10:58:09,111.10
1,-74.314827,40.817768,53.599998,2023-5-13 10:58:12,108.42
1,-74.314308,40.817074,56.299999,2023-5-13 10:58:15,106.58
1,-74.313736,40.816399,58.200001,2023-5-13 10:58:18,107.01
1,-74.312912,40.815544,59.599998,2023-5-13 10:58:22,105.99
1,-74.312241,40.814941,60.200001,2023-5-13 10:58:25,105.23
1,-74.311516,40.814362,60.099998,2023-5-13 10:58:28,107.01
1,-74.310753,40.813816,59.500000,2023-5-13 10:58:31,106.64
1,-74.309937,40.813305,58.599998,2023-5-13 10:58:34,106.73
1,-74.309090,40.812824,57.799999,2023-5-13 10:58:37,107.64
1,-74.308197,40.812386,57.500000,2023-5-13 10:58:40,107.64
1,-74.307289,40.811985,57.099998,2023-5-13 10:58:43,106.29
1,-74.306343,40.811630,56.400002,2023-5-13 10:58:46,106.71
1,-74.305374,40.811310,55.700001,2023-5-13 10:58:49,107.80
1,-74.304367,40.811028,54.900002,2023-5-13 10:58:52,108.69
1,-74.303337,40.810791,55.000000,2023-5-13 10:58:55,108.84
1,-74.302322,40.810600,56.299999,2023-5-13 10:58:58,106.68
1,-74.301300,40.810463,58.900002,2023-5-13 10:59:01,104.92
1,-74.300278,40.810375,62.099998,2023-5-13 10:59:04,104.45
1,-74.299255,40.810329,65.599998,2023-5-13 10:59:07,103.92
1,-74.298241,40.810299,69.500000,2023-5-13 10:59:10,103.05
1,-74.296890,40.810253,75.000000,2023-5-13 10:59:14,103.14
1,-74.295868,40.810226,79.199997,2023-5-13 10:59:17,103.53
1,-74.294846,40.810181,83.199997,2023-5-13 10:59:20,104.45
1,-74.293823,40.810070,87.500000,2023-5-13 10:59:23,104.45
1,-74.292816,40.809879,92.400002,2023-5-13 10:59:26,105.23
1,-74.291847,40.809608,97.300003,2023-5-13 10:59:29,104.36
1,-74.290924,40.809269,102.000000,2023-5-13 10:59:32,103.64
1,-74.290054,40.808868,105.900000,2023-5-13 10:59:35,102.77
1,-74.289230,40.808407,108.500000,2023-5-13 10:59:38,103.23
1,-74.288460,40.807880,110.100000,2023-5-13 10:59:41,104.68
1,-74.287704,40.807308,110.800000,2023-5-13 10:59:44,107.97
1,-74.286926,40.806717,111.400000,2023-5-13 10:59:47,112.21
1,-74.285912,40.805943,113.100000,2023-5-13 10:59:51,108.84
1,-74.285164,40.805363,115.000000,2023-5-13 10:59:54,108.97
1,-74.284416,40.804787,117.300000,2023-5-13 10:59:57,107.84
1,-74.283669,40.804214,119.700000,2023-5-13 11:00:00,108.43
1,-74.282890,40.803661,122.400000,2023-5-13 11:00:03,108.32
1,-74.282074,40.803143,125.300000,2023-5-13 11:00:06,108.18
1,-74.281235,40.802650,129.000000,2023-5-13 11:00:09,107.88
1,-74.280357,40.802193,132.600010,2023-5-13 11:00:12,107.45
1,-74.279465,40.801765,136.399990,2023-5-13 11:00:15,107.16
1,-74.278549,40.801346,139.399990,2023-5-13 11:00:18,108.38
1,-74.277611,40.800930,141.300000,2023-5-13 11:00:21,110.51
1,-74.276634,40.800514,141.500000,2023-5-13 11:00:24,113.94
1,-74.275642,40.800114,140.700000,2023-5-13 11:00:27,113.27
1,-74.274635,40.799732,138.899990,2023-5-13 11:00:30,114.68
1,-74.273605,40.799366,137.300000,2023-5-13 11:00:33,115.88
1,-74.272560,40.799007,135.399990,2023-5-13 11:00:36,116.66
1,-74.271126,40.798565,131.800000,2023-5-13 11:00:40,117.75
1,-74.270012,40.798290,126.500000,2023-5-13 11:00:43,118.58
1,-74.268875,40.798058,120.100000,2023-5-13 11:00:46,119.62
1,-74.267708,40.797871,113.300000,2023-5-13 11:00:49,120.29
1,-74.266533,40.797722,106.100000,2023-5-13 11:00:52,121.05
1,-74.265343,40.797600,99.599998,2023-5-13 11:00:55,121.47
1,-74.264183,40.797512,94.699997,2023-5-13 11:00:58,118.27
1,-74.263092,40.797451,91.500000,2023-5-13 11:01:01,109.93
1,-74.262054,40.797413,90.900002,2023-5-13 11:01:04,104.49
1,-74.261063,40.797382,92.800003,2023-5-13 11:01:07,99.80
1,-74.260048,40.797367,96.300003,2023-5-13 11:01:10,103.27
1,-74.258995,40.797390,101.000000,2023-5-13 11:01:13,107.12
1,-74.257935,40.797459,106.200000,2023-5-13 11:01:16,106.16
1,-74.256935,40.797527,111.400000,2023-5-13 11:01:19,99.80
1,-74.255699,40.797649,117.700000,2023-5-13 11:01:23,93.30
1,-74.254883,40.797722,122.000000,2023-5-13 11:01:26,82.06
1,-74.254089,40.797745,126.400000,2023-5-13 11:01:29,80.60
1,-74.253304,40.797653,131.100010,2023-5-13 11:01:32,80.75
1,-74.252533,40.797478,135.899990,2023-5-13 11:01:35,79.88
1,-74.251846,40.797234,140.300000,2023-5-13 11:01:38,79.47
1,-74.251411,40.796967,144.600010,2023-5-13 11:01:41,56.60
1,-74.251259,40.796658,149.100010,2023-5-13 11:01:44,44.84
1,-74.251366,40.796356,153.700000,2023-5-13 11:01:47,38.98
1,-74.251694,40.796188,156.800000,2023-5-13 11:01:50,39.65
1,-74.252243,40.796356,160.100010,2023-5-13 11:01:54,41.47
1,-74.252380,40.796726,162.399990,2023-5-13 11:01:57,44.84
1,-74.252342,40.797169,164.700000,2023-5-13 11:02:00,54.95
1,-74.252235,40.797615,165.600010,2023-5-13 11:02:03,56.89
1,-74.252075,40.798027,165.300000,2023-5-13 11:02:06,53.76
1,-74.251877,40.798435,164.000000,2023-5-13 11:02:09,55.45
1,-74.251656,40.798859,161.600010,2023-5-13 11:02:12,58.19
1,-74.251411,40.799313,158.300000,2023-5-13 11:02:15,64.28
1,-74.251160,40.799778,154.899990,2023-5-13 11:02:18,65.73
1,-74.250923,40.800217,152.000000,2023-5-13 11:02:21,63.45
1,-74.250710,40.800549,148.700000,2023-5-13 11:02:24,42.13
1,-74.250542,40.800762,145.700000,2023-5-13 11:02:27,25.50
1,-74.250458,40.800858,142.700000,2023-5-13 11:02:31,6.30
1,-74.250450,40.800861,142.000000,2023-5-13 11:02:34,0.00
1,-74.250450,40.800861,142.000000,2023-5-13 11:02:37,0.00
1,-74.250450,40.800861,142.000000,2023-5-13 11:02:40,0.00
1,-74.250450,40.800865,142.000000,2023-5-13 11:02:43,0.00
1,-74.250443,40.800865,142.000000,2023-5-13 11:02:46,0.17
1,-74.250443,40.800865,142.000000,2023-5-13 11:02:49,0.00
1,-74.250435,40.800869,142.000000,2023-5-13 11:02:52,0.00
1,-74.250359,40.800941,136.100010,2023-5-13 11:02:55,11.13
1,-74.250229,40.801064,135.399990,2023-5-13 11:02:58,20.46
1,-74.250031,40.801212,135.399990,2023-5-13 11:03:01,28.58
1,-74.249763,40.801388,136.000000,2023-5-13 11:03:04,35.37
1,-74.249451,40.801590,137.200000,2023-5-13 11:03:07,42.24
1,-74.249191,40.801762,138.800000,2023-5-13 11:03:10,30.72
1,-74.248993,40.801891,140.500000,2023-5-13 11:03:13,25.43
1,-74.248772,40.802032,141.899990,2023-5-13 11:03:16,28.17
1,-74.248497,40.802208,143.100010,2023-5-13 11:03:20,27.08
1,-74.248299,40.802338,143.600010,2023-5-13 11:03:23,25.91
1,-74.248093,40.802475,144.000000,2023-5-13 11:03:26,27.93
1,-74.247910,40.802601,144.200000,2023-5-13 11:03:29,25.26
1,-74.247833,40.802673,144.200000,2023-5-13 11:03:32,11.69
1,-74.247826,40.802677,144.000000,2023-5-13 11:03:35,0.28
1,-74.247826,40.802677,144.000000,2023-5-13 11:03:38,0.00
1,-74.247826,40.802677,144.000000,2023-5-13 11:03:41,0.00
1,-74.247826,40.802677,144.000000,2023-5-13 11:03:44,0.00
1,-74.247818,40.802677,144.000000,2023-5-13 11:03:47,0.00
1,-74.247818,40.802677,144.000000,2023-5-13 11:03:50,0.00
1,-74.247818,40.802677,144.000000,2023-5-13 11:03:53,0.00
1,-74.247818,40.802677,144.000000,2023-5-13 11:03:56,0.00
1,-74.247818,40.802677,144.000000,2023-5-13 11:03:59,0.00
1,-74.247818,40.802677,144.000000,2023-5-13 11:04:02,0.00
1,-74.247818,40.802677,144.000000,2023-5-13 11:04:06,0.00
1,-74.247818,40.802677,144.000000,2023-5-13 11:04:09,0.00
1,-74.247818,40.802677,144.000000,2023-5-13 11:04:12,0.00
1,-74.247818,40.802677,144.000000,2023-5-13 11:04:15,0.00
1,-74.247818,40.802677,144.000000,2023-5-13 11:04:18,0.00
1,-74.247818,40.802677,144.000000,2023-5-13 11:04:21,0.00
1,-74.247818,40.802677,144.000000,2023-5-13 11:04:24,0.00
1,-74.247818,40.802677,144.000000,2023-5-13 11:04:27,0.00
1,-74.247818,40.802685,144.000000,2023-5-13 11:04:30,4.19
1,-74.247696,40.802792,144.500000,2023-5-13 11:04:33,17.39
1,-74.247520,40.802780,145.100010,2023-5-13 11:04:36,24.78
1,-74.247215,40.802650,145.800000,2023-5-13 11:04:39,39.86
1,-74.246674,40.802505,147.300000,2023-5-13 11:04:43,46.11
1,-74.246201,40.802486,148.700000,2023-5-13 11:04:46,48.10
1,-74.245720,40.802567,150.300000,2023-5-13 11:04:49,50.60
1,-74.245224,40.802692,152.200000,2023-5-13 11:04:52,54.10
1,-74.244713,40.802788,154.399990,2023-5-13 11:04:55,54.15
1,-74.244148,40.802872,156.700000,2023-5-13 11:04:58,57.91
1,-74.243561,40.802914,158.500000,2023-5-13 11:05:01,59.95
1,-74.242973,40.802898,159.300000,2023-5-13 11:05:04,59.73
1,-74.242409,40.802902,159.600010,2023-5-13 11:05:07,56.39
1,-74.241936,40.802956,159.899990,2023-5-13 11:05:10,43.60
1,-74.241623,40.802986,160.700000,2023-5-13 11:05:13,25.43
1,-74.241531,40.802986,162.300000,2023-5-13 11:05:16,1.72
1,-74.241531,40.802982,162.000000,2023-5-13 11:05:19,0.00
1,-74.241531,40.802982,162.000000,2023-5-13 11:05:23,0.00
1,-74.241531,40.802979,162.000000,2023-5-13 11:05:26,0.00
1,-74.241516,40.802979,162.000000,2023-5-13 11:05:29,2.74
1,-74.241508,40.802979,162.000000,2023-5-13 11:05:32,0.00
1,-74.241508,40.802979,162.000000,2023-5-13 11:05:35,0.00
1,-74.241501,40.802975,162.000000,2023-5-13 11:05:38,0.00
1,-74.241501,40.802975,162.000000,2023-5-13 11:05:41,0.00
1,-74.241432,40.803009,168.500000,2023-5-13 11:05:44,10.54
1,-74.241402,40.803154,169.200000,2023-5-13 11:05:47,20.85
1,-74.241333,40.803295,169.000000,2023-5-13 11:05:50,20.24
1,-74.241119,40.803329,168.899990,2023-5-13 11:05:53,21.80
1,-74.240791,40.803284,168.200000,2023-5-13 11:05:56,33.00
1,-74.240433,40.803261,166.600010,2023-5-13 11:05:59,36.02
1,-74.240074,40.803276,164.600010,2023-5-13 11:06:02,34.65
1,-74.239738,40.803257,162.399990,2023-5-13 11:06:05,32.10
1,-74.239456,40.803211,160.500000,2023-5-13 11:06:08,26.67
1,-74.239166,40.803085,158.899990,2023-5-13 11:06:12,23.56
1,-74.238968,40.802998,157.899990,2023-5-13 11:06:15,22.95
1,-74.238800,40.802933,156.800000,2023-5-13 11:06:18,18.93
1,-74.238663,40.802940,156.300000,2023-5-13 11:06:21,14.35
1,-74.238617,40.802990,155.700000,2023-5-13 11:06:24,8.13
1,-74.238602,40.802998,155.000000,2023-5-13 11:06:27,1.39
1,-74.238602,40.802994,155.000000,2023-5-13 11:06:30,2.46
1,-74.238617,40.802986,155.000000,2023-5-13 11:06:33,1.87
1,-74.238632,40.802986,155.000000,2023-5-13 11:06:36,2.65
1,-74.238647,40.802990,155.000000,2023-5-13 11:06:39,1.19
1,-74.238655,40.802994,155.000000,2023-5-13 11:06:42,0.00
1,-74.238663,40.802994,155.000000,2023-5-13 11:06:45,0.00
1,-74.238663,40.802998,155.000000,2023-5-13 11:06:48,0.00
1,-74.238663,40.802998,155.000000,2023-5-13 11:06:51,0.00
1,-74.238663,40.802998,155.000000,2023-5-13 11:06:54,0.00
1,-74.238754,40.803116,141.399990,2023-5-13 11:20:08,0.35
1,-74.238754,40.803116,141.399990,2023-5-13 11:20:11,0.00
1,-74.238754,40.803116,141.399990,2023-5-13 11:20:14,0.00
1,-74.238754,40.803116,141.399990,2023-5-13 11:20:17,0.00
1,-74.238754,40.803116,141.399990,2023-5-13 11:20:20,0.00
1,-74.238754,40.803116,141.399990,2023-5-13 11:20:23,0.00
1,-74.238754,40.803116,141.399990,2023-5-13 11:20:26,0.00
1,-74.238754,40.803116,141.399990,2023-5-13 11:20:29,0.00
1,-74.238754,40.803116,141.399990,2023-5-13 11:20:32,0.00
1,-74.238754,40.803116,141.399990,2023-5-13 11:20:35,0.00
1,-74.238754,40.803116,141.399990,2023-5-13 11:20:38,0.00
1,-74.238754,40.803116,141.399990,2023-5-13 11:20:42,0.00
1,-74.238754,40.803116,141.399990,2023-5-13 11:20:45,0.00
1,-74.238754,40.803116,141.399990,2023-5-13 11:20:48,0.00
1,-74.238754,40.803116,141.399990,2023-5-13 11:20:51,0.00
1,-74.238754,40.803116,141.399990,2023-5-13 11:20:54,0.00
1,-74.238754,40.803116,141.399990,2023-5-13 11:20:57,0.00
1,-74.238754,40.803116,141.399990,2023-5-13 11:21:00,0.00
1,-74.238754,40.803116,141.399990,2023-5-13 11:21:03,0.00
1,-74.238754,40.803116,141.399990,2023-5-13 11:21:06,0.00
1,-74.238754,40.803116,141.399990,2023-5-13 11:21:09,0.00
1,-74.238754,40.803116,141.399990,2023-5-13 11:21:12,0.00
1,-74.238754,40.803116,141.399990,2023-5-13 11:21:15,0.00
1,-74.238754,40.803116,141.700000,2023-5-13 11:21:19,0.00
1,-74.238731,40.803108,142.600010,2023-5-13 11:21:22,4.32
1,-74.238609,40.803127,143.300000,2023-5-13 11:21:25,10.30
1,-74.238533,40.803230,144.100010,2023-5-13 11:21:28,15.46
1,-74.238449,40.803345,144.600010,2023-5-13 11:21:31,17.30
1,-74.238365,40.803452,145.300000,2023-5-13 11:21:34,16.61
1,-74.238213,40.803490,146.100010,2023-5-13 11:21:37,15.59
1,-74.238068,40.803448,146.399990,2023-5-13 11:21:40,14.46
1,-74.237938,40.803459,147.000000,2023-5-13 11:21:43,13.54
1,-74.237862,40.803539,147.600010,2023-5-13 11:21:46,13.76
1,-74.237793,40.803638,148.600010,2023-5-13 11:21:49,16.69
1,-74.237740,40.803745,148.899990,2023-5-13 11:21:52,15.24
1,-74.237701,40.803844,149.000000,2023-5-13 11:21:55,13.93
1,-74.237679,40.803951,149.100010,2023-5-13 11:21:59,10.69
1,-74.237679,40.803967,149.000000,2023-5-13 11:22:02,2.72
1,-74.237679,40.803970,149.000000,2023-5-13 11:22:05,0.00
1,-74.237679,40.803978,149.000000,2023-5-13 11:22:08,2.56
1,-74.237686,40.803993,149.000000,2023-5-13 11:22:11,3.32
1,-74.237694,40.804005,149.000000,2023-5-13 11:22:14,0.44
1,-74.237701,40.804020,149.000000,2023-5-13 11:22:17,4.32
1,-74.237755,40.804127,166.500000,2023-5-13 11:22:20,10.80
1,-74.237839,40.804249,171.100010,2023-5-13 11:22:23,18.13
1,-74.237953,40.804413,174.500000,2023-5-13 11:22:26,24.37
1,-74.238060,40.804565,176.100010,2023-5-13 11:22:29,21.15
1,-74.238144,40.804699,177.100010,2023-5-13 11:22:32,18.28
1,-74.238220,40.804817,178.100010,2023-5-13 11:22:35,15.65
1,-74.238258,40.804913,178.500000,2023-5-13 11:22:39,6.91
1,-74.238205,40.805027,180.000000,2023-5-13 11:22:42,16.93
1,-74.238075,40.805172,181.600010,2023-5-13 11:22:45,23.87
1,-74.237892,40.805336,182.700000,2023-5-13 11:22:48,27.91
1,-74.237717,40.805504,183.399990,2023-5-13 11:22:51,28.43
1,-74.237526,40.805698,183.200000,2023-5-13 11:22:54,31.54
1,-74.237358,40.805923,182.100010,2023-5-13 11:22:57,33.54
1,-74.237175,40.806145,180.500000,2023-5-13 11:23:00,34.34
1,-74.236977,40.806351,178.300000,2023-5-13 11:23:03,33.30
1,-74.236748,40.806530,176.100010,2023-5-13 11:23:06,33.10
1,-74.236473,40.806709,172.399990,2023-5-13 11:23:09,35.50
1,-74.236275,40.806953,170.000000,2023-5-13 11:23:12,38.69
1,-74.236153,40.807228,169.600010,2023-5-13 11:23:15,37.67
1,-74.236023,40.807587,170.700000,2023-5-13 11:23:19,36.91
1,-74.235909,40.807861,171.000000,2023-5-13 11:23:22,38.67
1,-74.235878,40.808159,173.399990,2023-5-13 11:23:25,40.39
1,-74.235832,40.808453,178.300000,2023-5-13 11:23:28,39.89
1,-74.235748,40.808739,183.800000,2023-5-13 11:23:31,39.56
1,-74.235657,40.809017,189.200000,2023-5-13 11:23:34,38.48
1,-74.235558,40.809299,193.800000,2023-5-13 11:23:37,39.10
1,-74.235435,40.809586,197.100010,2023-5-13 11:23:40,39.61
1,-74.235268,40.809868,198.000000,2023-5-13 11:23:43,40.45
1,-74.235077,40.810154,196.700000,2023-5-13 11:23:46,41.80
1,-74.234940,40.810425,196.899990,2023-5-13 11:23:49,37.43
1,-74.234795,40.810669,195.800000,2023-5-13 11:23:52,34.58
1,-74.234474,40.810829,191.600010,2023-5-13 11:23:55,36.63
1,-74.234055,40.810909,184.399990,2023-5-13 11:23:58,38.21
1,-74.233673,40.810894,177.100010,2023-5-13 11:24:01,31.47
1,-74.233414,40.810692,171.899990,2023-5-13 11:24:04,37.76
1,-74.233406,40.810368,170.000000,2023-5-13 11:24:07,41.48
1,-74.233734,40.809975,172.700000,2023-5-13 11:24:11,44.99
1,-74.233986,40.809635,176.200000,2023-5-13 11:24:14,48.36
1,-74.234154,40.809345,180.399990,2023-5-13 11:24:17,39.71
1,-74.234238,40.809151,185.600010,2023-5-13 11:24:20,24.09
1,-74.234200,40.809013,189.200000,2023-5-13 11:24:23,17.91
1,-74.233986,40.809044,188.800000,2023-5-13 11:24:26,21.34
1,-74.233772,40.809193,186.399990,2023-5-13 11:24:29,26.09
1,-74.233627,40.809452,182.300000,2023-5-13 11:24:32,33.58
1,-74.233383,40.809692,175.500000,2023-5-13 11:24:35,34.30
1,-74.233124,40.809772,167.300000,2023-5-13 11:24:38,24.32
1,-74.232994,40.809647,163.000000,2023-5-13 11:24:41,23.76
1,-74.232933,40.809265,164.300000,2023-5-13 11:24:44,45.50
1,-74.233002,40.808899,170.700000,2023-5-13 11:24:47,39.50
1,-74.233147,40.808590,180.399990,2023-5-13 11:24:50,35.43
1,-74.233421,40.808311,190.899990,2023-5-13 11:24:54,31.10
1,-74.233528,40.808235,191.300000,2023-5-13 11:24:57,11.82
1,-74.233452,40.808338,187.000000,2023-5-13 11:25:00,15.74
1,-74.233322,40.808525,181.800000,2023-5-13 11:25:03,23.45
1,-74.233253,40.808605,174.700000,2023-5-13 11:25:06,8.57
1,-74.233170,40.808659,164.000000,2023-5-13 11:25:09,6.28
1,-74.233116,40.808689,156.000000,2023-5-13 11:25:12,3.94
1,-74.233131,40.808666,142.100010,2023-5-13 11:25:15,12.02
1,-74.233192,40.808632,133.399990,2023-5-13 11:25:18,10.30
1,-74.233269,40.808548,126.300000,2023-5-13 11:25:21,14.61
1,-74.233322,40.808376,122.000000,2023-5-13 11:25:24,28.15
1,-74.233414,40.808056,119.300000,2023-5-13 11:25:27,36.54
1,-74.233604,40.807579,115.600000,2023-5-13 11:25:31,38.48
1,-74.233734,40.807198,116.000000,2023-5-13 11:25:34,40.15
1,-74.233856,40.806870,115.200000,2023-5-13 11:25:37,35.24
1,-74.233986,40.806545,117.100000,2023-5-13 11:25:40,35.91
1,-74.234154,40.806240,117.600000,2023-5-13 11:25:43,37.23
1,-74.234314,40.805958,116.200000,2023-5-13 11:25:46,35.78
1,-74.234505,40.805660,115.400000,2023-5-13 11:25:49,39.95
1,-74.234703,40.805313,119.900000,2023-5-13 11:25:52,46.39
1,-74.234909,40.805004,125.100000,2023-5-13 11:25:55,42.65
1,-74.235115,40.804722,129.800000,2023-5-13 11:25:58,39.61
1,-74.235344,40.804455,135.000000,2023-5-13 11:26:01,39.61
1,-74.235588,40.804203,139.800000,2023-5-13 11:26:04,39.21
1,-74.235931,40.804070,139.800000,2023-5-13 11:26:07,38.80
1,-74.236397,40.803890,139.200000,2023-5-13 11:26:11,39.26
1,-74.236694,40.803741,141.000000,2023-5-13 11:26:14,35.35
1,-74.236946,40.803555,143.500000,2023-5-13 11:26:17,35.28
1,-74.237137,40.803291,147.000000,2023-5-13 11:26:20,39.73
1,-74.237282,40.803062,148.899990,2023-5-13 11:26:23,33.26
1,-74.237419,40.802856,147.700000,2023-5-13 11:26:26,30.56
1,-74.237534,40.802624,145.899990,2023-5-13 11:26:29,33.91
1,-74.237595,40.802444,144.700000,2023-5-13 11:26:32,24.41
1,-74.237671,40.802292,144.000000,2023-5-13 11:26:35,25.19
1,-74.237785,40.802078,141.700000,2023-5-13 11:26:38,32.00
1,-74.237961,40.801788,137.399990,2023-5-13 11:26:42,30.89
1,-74.238075,40.801620,134.000000,2023-5-13 11:26:45,23.24
1,-74.238235,40.801407,129.500000,2023-5-13 11:26:48,31.28
1,-74.238388,40.801220,125.200000,2023-5-13 11:26:51,27.80
1,-74.238510,40.801033,122.100000,2023-5-13 11:26:54,26.85
1,-74.238686,40.800861,120.200000,2023-5-13 11:26:57,27.84
1,-74.238792,40.800640,118.700000,2023-5-13 11:27:00,31.19
1,-74.238869,40.800476,119.000000,2023-5-13 11:27:03,19.82
1,-74.238968,40.800224,119.100000,2023-5-13 11:27:06,35.54
1,-74.239052,40.799965,118.700000,2023-5-13 11:27:09,30.26
1,-74.239098,40.799778,118.600000,2023-5-13 11:27:12,22.50
1,-74.239136,40.799568,119.000000,2023-5-13 11:27:15,28.87
1,-74.239166,40.799362,120.400000,2023-5-13 11:27:18,22.80
1,-74.239197,40.799240,122.800000,2023-5-13 11:27:22,6.98
1,-74.239304,40.799194,124.200000,2023-5-13 11:27:25,11.33
1,-74.239441,40.799221,125.600000,2023-5-13 11:27:28,11.67
1,-74.239685,40.799400,128.700000,2023-5-13 11:27:31,29.08
1,-74.239990,40.799755,131.899990,2023-5-13 11:27:34,50.99
1,-74.240288,40.800137,135.300000,2023-5-13 11:27:37,53.43
1,-74.240494,40.800529,139.700000,2023-5-13 11:27:40,51.23
1,-74.240524,40.800949,144.600010,2023-5-13 11:27:43,52.47
1,-74.240379,40.801350,149.600010,2023-5-13 11:27:46,53.54
1,-74.240089,40.801865,159.000000,2023-5-13 11:27:50,53.91
1,-74.239914,40.802231,165.200000,2023-5-13 11:27:53,50.00
1,-74.239876,40.802597,170.800000,2023-5-13 11:27:56,48.45
1,-74.240166,40.802937,173.100010,2023-5-13 11:27:59,51.15
1,-74.240700,40.803143,177.700000,2023-5-13 11:28:02,57.69
1,-74.241226,40.803192,179.800000,2023-5-13 11:28:05,50.74
1,-74.241745,40.803143,179.399990,2023-5-13 11:28:08,51.00
1,-74.242287,40.803066,177.200000,2023-5-13 11:28:11,54.04
1,-74.242851,40.803001,173.700000,2023-5-13 11:28:14,56.56
1,-74.243416,40.802994,171.600010,2023-5-13 11:28:17,56.32
1,-74.243958,40.802979,169.800000,2023-5-13 11:28:20,54.93
1,-74.244492,40.802929,168.300000,2023-5-13 11:28:23,53.97
1,-74.245049,40.802830,166.899990,2023-5-13 11:28:26,57.43
1,-74.245750,40.802643,164.000000,2023-5-13 11:28:30,55.32
1,-74.246117,40.802555,161.600010,2023-5-13 11:28:33,36.80
1,-74.246452,40.802528,158.899990,2023-5-13 11:28:36,33.34
1,-74.246712,40.802532,157.100010,2023-5-13 11:28:39,25.41
1,-74.246925,40.802555,155.500000,2023-5-13 11:28:42,20.78
1,-74.247093,40.802601,154.300000,2023-5-13 11:28:45,18.17
1,-74.247162,40.802628,152.899990,2023-5-13 11:28:48,6.39
1,-74.247162,40.802631,152.000000,2023-5-13 11:28:51,0.19
1,-74.247169,40.802631,152.000000,2023-5-13 11:28:54,0.00
1,-74.247169,40.802635,152.000000,2023-5-13 11:28:57,0.00
1,-74.247169,40.802635,152.000000,2023-5-13 11:29:00,0.00
1,-74.247169,40.802635,152.000000,2023-5-13 11:29:03,0.00
1,-74.247169,40.802635,152.000000,2023-5-13 11:29:06,0.00
1,-74.247177,40.802639,152.000000,2023-5-13 11:29:09,7.41
1,-74.247406,40.802753,150.399990,2023-5-13 11:29:13,19.61
1,-74.247604,40.802860,151.100010,2023-5-13 11:29:16,24.41
1,-74.247818,40.802883,151.700000,2023-5-13 11:29:19,21.32
1,-74.248016,40.802780,152.500000,2023-5-13 11:29:22,25.09
1,-74.248230,40.802605,153.700000,2023-5-13 11:29:25,31.91
1,-74.248528,40.802395,154.899990,2023-5-13 11:29:28,41.37
1,-74.248886,40.802155,155.399990,2023-5-13 11:29:31,48.74
1,-74.249306,40.801888,155.600010,2023-5-13 11:29:34,55.84
1,-74.249771,40.801586,154.700000,2023-5-13 11:29:37,62.23
1,-74.250381,40.801167,151.800000,2023-5-13 11:29:41,62.63
1,-74.250740,40.800804,150.000000,2023-5-13 11:29:44,60.58
1,-74.250961,40.800480,148.300000,2023-5-13 11:29:47,47.80
1,-74.251137,40.800213,146.600010,2023-5-13 11:29:50,38.69
1,-74.251251,40.800041,145.300000,2023-5-13 11:29:53,25.15
1,-74.251297,40.799965,145.000000,2023-5-13 11:29:56,10.57
1,-74.251305,40.799950,145.000000,2023-5-13 11:29:59,3.33
1,-74.251366,40.799850,145.100010,2023-5-13 11:30:02,12.54
1,-74.251480,40.799683,145.000000,2023-5-13 11:30:05,26.00
1,-74.251633,40.799458,145.100010,2023-5-13 11:30:08,36.41
1,-74.251801,40.799194,145.800000,2023-5-13 11:30:11,40.86
1,-74.251991,40.798904,146.800000,2023-5-13 11:30:14,44.54
1,-74.252197,40.798584,147.700000,2023-5-13 11:30:17,48.86
1,-74.252480,40.798130,148.700000,2023-5-13 11:30:21,50.24
1,-74.252655,40.797791,149.500000,2023-5-13 11:30:24,48.91
1,-74.252800,40.797440,151.000000,2023-5-13 11:30:27,48.76
1,-74.252899,40.797070,151.899990,2023-5-13 11:30:30,50.34
1,-74.252907,40.796711,153.300000,2023-5-13 11:30:33,45.97
1,-74.252754,40.796352,155.899990,2023-5-13 11:30:36,49.37
1,-74.252419,40.796089,158.200000,2023-5-13 11:30:39,48.63
1,-74.251938,40.796005,160.500000,2023-5-13 11:30:42,49.91
1,-74.251419,40.796093,162.600010,2023-5-13 11:30:45,53.36
1,-74.250893,40.796158,163.500000,2023-5-13 11:30:48,53.06
1,-74.250381,40.796116,163.100010,2023-5-13 11:30:51,50.08
1,-74.249870,40.795773,162.600010,2023-5-13 11:30:55,51.08
1,-74.249573,40.795330,161.899990,2023-5-13 11:30:58,62.47
1,-74.249321,40.794800,159.000000,2023-5-13 11:31:01,70.21
1,-74.249130,40.794212,154.899990,2023-5-13 11:31:04,75.88
1,-74.249016,40.793579,150.600010,2023-5-13 11:31:07,81.49
1,-74.248985,40.792900,145.600010,2023-5-13 11:31:10,87.54
1,-74.249016,40.792183,139.800000,2023-5-13 11:31:08,92.77
1,-74.249077,40.791416,133.700000,2023-5-13 11:31:11,100.71
1,-74.249146,40.790604,127.400000,2023-5-13 11:31:14,106.84
1,-74.249207,40.789783,121.100000,2023-5-13 11:31:17,109.12
1,-74.249191,40.788948,114.600000,2023-5-13 11:31:20,111.21
1,-74.249077,40.788101,108.200000,2023-5-13 11:31:23,113.58
1,-74.248863,40.787251,102.000000,2023-5-13 11:31:26,115.44
1,-74.248543,40.786407,96.099998,2023-5-13 11:31:29,117.42
1,-74.248093,40.785583,90.300003,2023-5-13 11:31:32,119.90
1,-74.247505,40.784794,85.000000,2023-5-13 11:31:35,122.03
1,-74.246796,40.784050,79.599998,2023-5-13 11:31:38,121.21
1,-74.245972,40.783375,73.099998,2023-5-13 11:31:41,121.95
1,-74.244781,40.782547,64.199997,2023-5-13 11:31:45,122.27
1,-74.244003,40.781933,57.700001,2023-5-13 11:31:48,111.31
1,-74.243347,40.781273,51.200001,2023-5-13 11:31:51,109.31
1,-74.242805,40.780533,45.000000,2023-5-13 11:31:54,111.62
1,-74.242386,40.779736,38.900002,2023-5-13 11:31:57,113.92
1,-74.242111,40.778900,33.400002,2023-5-13 11:32:00,114.84
1,-74.241966,40.778057,29.500000,2023-5-13 11:32:03,113.95
1,-74.241859,40.777218,26.200001,2023-5-13 11:32:06,112.55
1,-74.241745,40.776390,23.500000,2023-5-13 11:32:09,111.40
1,-74.241631,40.775585,21.500000,2023-5-13 11:32:12,107.43
1,-74.241486,40.774815,21.400000,2023-5-13 11:32:15,103.16
1,-74.241241,40.774086,22.200001,2023-5-13 11:32:18,98.40
1,-74.240875,40.773396,23.799999,2023-5-13 11:32:21,100.64
1,-74.240189,40.772549,24.900000,2023-5-13 11:32:25,100.01
1,-74.239510,40.772015,23.700001,2023-5-13 11:32:28,97.43
1,-74.238724,40.771568,23.100000,2023-5-13 11:32:31,99.54
1,-74.237862,40.771187,22.700001,2023-5-13 11:32:34,99.80
1,-74.236946,40.770908,22.799999,2023-5-13 11:32:37,102.16
1,-74.235985,40.770710,22.900000,2023-5-13 11:32:40,101.32
1,-74.235023,40.770569,21.799999,2023-5-13 11:32:43,98.71
1,-74.234154,40.770512,20.400000,2023-5-13 11:32:46,88.69
1,-74.233307,40.770462,20.000000,2023-5-13 11:32:49,86.04
1,-74.232445,40.770390,20.799999,2023-5-13 11:32:52,89.93
1,-74.231270,40.770241,22.000000,2023-5-13 11:32:56,92.95
1,-74.230408,40.769997,23.000000,2023-5-13 11:32:59,93.04
1,-74.229591,40.769573,24.700001,2023-5-13 11:33:02,99.84
1,-74.228828,40.769081,26.299999,2023-5-13 11:33:05,98.88
1,-74.228096,40.768597,27.000000,2023-5-13 11:33:08,94.97
1,-74.227364,40.768116,25.799999,2023-5-13 11:33:11,95.16
1,-74.226639,40.767670,24.299999,2023-5-13 11:33:14,93.29
1,-74.225845,40.767292,22.600000,2023-5-13 11:33:17,94.54
1,-74.224983,40.766998,21.400000,2023-5-13 11:33:20,96.03
1,-74.224106,40.766781,21.100000,2023-5-13 11:33:23,94.23
1,-74.223213,40.766586,21.500000,2023-5-13 11:33:26,93.84
1,-74.222336,40.766354,22.100000,2023-5-13 11:33:29,94.17
1,-74.221451,40.766060,22.400000,2023-5-13 11:33:32,97.82
1,-74.220551,40.765728,22.900000,2023-5-13 11:33:35,100.95
1,-74.219681,40.765339,23.200001,2023-5-13 11:33:38,101.03
1,-74.218857,40.764919,23.000000,2023-5-13 11:33:41,98.77
1,-74.218079,40.764488,22.799999,2023-5-13 11:33:44,97.36
1,-74.217056,40.763912,23.200001,2023-5-13 11:33:48,97.34
1,-74.216301,40.763477,23.500000,2023-5-13 11:33:51,97.32
1,-74.215546,40.763062,24.200001,2023-5-13 11:33:54,94.88
1,-74.214783,40.762627,24.600000,2023-5-13 11:33:57,97.77
1,-74.214035,40.762196,24.799999,2023-5-13 11:34:00,95.69
1,-74.213264,40.761765,24.400000,2023-5-13 11:34:03,96.36
1,-74.212509,40.761330,23.700001,2023-5-13 11:34:06,96.54
1,-74.211754,40.760895,23.100000,2023-5-13 11:34:09,96.42
1,-74.210991,40.760464,22.500000,2023-5-13 11:34:12,97.14
1,-74.210205,40.760075,21.700001,2023-5-13 11:34:15,95.36
1,-74.209381,40.759693,19.900000,2023-5-13 11:34:18,99.38
1,-74.208214,40.759190,15.800000,2023-5-13 11:34:22,104.14
1,-74.207306,40.758823,12.700000,2023-5-13 11:34:25,103.79
1,-74.206398,40.758472,11.100000,2023-5-13 11:34:28,102.56
1,-74.205482,40.758129,10.700000,2023-5-13 11:34:31,103.23
1,-74.204567,40.757809,10.900000,2023-5-13 11:34:34,102.23
1,-74.203629,40.757473,10.500000,2023-5-13 11:34:37,104.38
1,-74.202698,40.757111,9.800000,2023-5-13 11:34:40,104.68
1,-74.201508,40.756573,9.400000,2023-5-13 11:34:44,105.25
1,-74.200661,40.756157,9.700000,2023-5-13 11:34:47,102.14
1,-74.199852,40.755737,11.000000,2023-5-13 11:34:50,99.99
1,-74.199051,40.755318,12.200000,2023-5-13 11:34:53,97.73
1,-74.198296,40.754898,12.200000,2023-5-13 11:34:56,94.91
1,-74.197586,40.754505,11.500000,2023-5-13 11:34:59,88.67
1,-74.196884,40.754112,11.200000,2023-5-13 11:35:02,88.38
1,-74.196190,40.753738,11.000000,2023-5-13 11:35:05,85.86
1,-74.195503,40.753391,11.100000,2023-5-13 11:35:08,83.41
1,-74.194801,40.753101,12.200000,2023-5-13 11:35:11,82.06
1,-74.194084,40.752876,13.500000,2023-5-13 11:35:14,79.10
1,-74.193352,40.752708,14.800000,2023-5-13 11:35:17,78.19
1,-74.192413,40.752537,17.200001,2023-5-13 11:35:21,74.12
1,-74.191673,40.752457,17.500000,2023-5-13 11:35:24,75.67
1,-74.191002,40.752403,17.100000,2023-5-13 11:35:27,66.93
1,-74.190369,40.752342,17.900000,2023-5-13 11:35:30,62.39
1,-74.189735,40.752220,19.900000,2023-5-13 11:35:33,65.19
1,-74.189095,40.751999,22.500000,2023-5-13 11:35:36,71.14
1,-74.188423,40.751789,25.400000,2023-5-13 11:35:39,72.65
1,-74.187706,40.751637,28.299999,2023-5-13 11:35:42,74.78
1,-74.186958,40.751541,30.700001,2023-5-13 11:35:45,75.32
1,-74.186234,40.751472,31.600000,2023-5-13 11:35:48,72.52
1,-74.185539,40.751400,31.000000,2023-5-13 11:35:51,70.75
1,-74.184860,40.751293,28.500000,2023-5-13 11:35:54,68.60
1,-74.184219,40.751133,24.200001,2023-5-13 11:35:57,68.17
1,-74.183594,40.750916,19.400000,2023-5-13 11:36:00,68.25
1,-74.182968,40.750694,14.700000,2023-5-13 11:36:03,65.26
1,-74.182358,40.750465,9.100000,2023-5-13 11:36:07,47.41
1,-74.182129,40.750378,5.800000,2023-5-13 11:36:10,22.48
1,-74.181900,40.750301,3.200000,2023-5-13 11:36:13,23.82
1,-74.181664,40.750217,1.400000,2023-5-13 11:36:16,25.67
1,-74.181450,40.750141,0.000000,2023-5-13 11:36:19,23.26
1,-74.181252,40.750080,-1.100000,2023-5-13 11:36:22,20.71
1,-74.181030,40.750011,-1.800000,2023-5-13 11:36:25,24.52
1,-74.180756,40.749935,-2.500000,2023-5-13 11:36:28,29.89
1,-74.180511,40.749886,-3.300000,2023-5-13 11:36:31,26.00
1,-74.180313,40.749855,-4.000000,2023-5-13 11:36:34,16.35
1,-74.179901,40.749825,-4.700000,2023-5-13 11:36:37,40.04
1,-74.179375,40.749741,-1.300000,2023-5-13 11:36:40,53.58
1,-74.178795,40.749638,2.600000,2023-5-13 11:36:43,59.99
1,-74.177940,40.749416,4.600000,2023-5-13 11:36:47,66.17
1,-74.177292,40.749245,5.000000,2023-5-13 11:36:50,67.41
1,-74.176620,40.749069,4.800000,2023-5-13 11:36:53,68.78
1,-74.175919,40.748894,3.800000,2023-5-13 11:36:56,71.60
1,-74.175163,40.748722,2.700000,2023-5-13 11:36:59,77.38
1,-74.174400,40.748573,1.500000,2023-5-13 11:37:02,77.49
1,-74.173660,40.748425,0.300000,2023-5-13 11:37:05,75.02
1,-74.172935,40.748249,-1.400000,2023-5-13 11:37:08,74.82
1,-74.172203,40.748047,-3.100000,2023-5-13 11:37:11,76.38
1,-74.171463,40.747852,-5.000000,2023-5-13 11:37:14,77.86
1,-74.170692,40.747723,-6.900000,2023-5-13 11:37:17,79.14
1,-74.169907,40.747700,-8.800000,2023-5-13 11:37:20,79.06
1,-74.168877,40.747807,-10.800000,2023-5-13 11:37:24,78.80
1,-74.168098,40.747898,-12.200000,2023-5-13 11:37:27,79.99
1,-74.167320,40.747982,-13.200000,2023-5-13 11:37:30,78.77
1,-74.166550,40.748005,-13.800000,2023-5-13 11:37:33,77.58
1,-74.165794,40.747959,-14.300000,2023-5-13 11:37:36,75.54
1,-74.165092,40.747921,-15.500000,2023-5-13 11:37:39,71.64
1,-74.164406,40.747860,-17.299999,2023-5-13 11:37:42,69.91
1,-74.163696,40.747726,-18.700001,2023-5-13 11:37:45,72.93
1,-74.162964,40.747486,-19.600000,2023-5-13 11:37:48,81.02
1,-74.162247,40.747154,-19.799999,2023-5-13 11:37:51,84.97
1,-74.161583,40.746738,-19.400000,2023-5-13 11:37:54,87.41
1,-74.160950,40.746254,-18.799999,2023-5-13 11:37:57,90.53
1,-74.160316,40.745747,-18.200001,2023-5-13 11:38:00,93.40
1,-74.159462,40.745056,-17.400000,2023-5-13 11:38:04,94.25
1,-74.158821,40.744541,-17.200001,2023-5-13 11:38:07,93.90
1,-74.158188,40.744034,-17.299999,2023-5-13 11:38:10,92.62
1,-74.157555,40.743549,-17.500000,2023-5-13 11:38:13,91.14
1,-74.156860,40.743118,-17.900000,2023-5-13 11:38:16,90.19
1,-74.156113,40.742771,-17.900000,2023-5-13 11:38:19,88.64
1,-74.155327,40.742504,-18.000000,2023-5-13 11:38:22,87.17
1,-74.154488,40.742325,-18.500000,2023-5-13 11:38:25,88.69
1,-74.153618,40.742229,-19.400000,2023-5-13 11:38:28,89.36
1,-74.152710,40.742210,-20.900000,2023-5-13 11:38:31,91.77
1,-74.151764,40.742229,-22.799999,2023-5-13 11:38:34,98.30
1,-74.150452,40.742271,-25.700001,2023-5-13 11:38:38,100.10
1,-74.149467,40.742325,-27.400000,2023-5-13 11:38:41,99.73
1,-74.148483,40.742393,-28.500000,2023-5-13 11:38:44,100.19
1,-74.147484,40.742477,-29.299999,2023-5-13 11:38:47,101.82
1,-74.146492,40.742577,-29.500000,2023-5-13 11:38:50,101.71
1,-74.145508,40.742714,-29.200001,2023-5-13 11:38:53,101.12
1,-74.144554,40.742893,-28.600000,2023-5-13 11:38:56,98.90
1,-74.143623,40.743095,-28.100000,2023-5-13 11:38:59,98.12
1,-74.142685,40.743317,-27.799999,2023-5-13 11:39:02,98.88
1,-74.141747,40.743542,-27.700001,2023-5-13 11:39:05,99.71
1,-74.140800,40.743767,-27.400000,2023-5-13 11:39:08,100.17
1,-74.139862,40.743999,-26.200001,2023-5-13 11:39:11,100.43
1,-74.138603,40.744297,-23.299999,2023-5-13 11:39:15,100.19
1,-74.137650,40.744526,-21.200001,2023-5-13 11:39:18,100.51
1,-74.136703,40.744751,-19.799999,2023-5-13 11:39:21,101.01
1,-74.135750,40.744972,-19.600000,2023-5-13 11:39:24,100.73
1,-74.134811,40.745193,-20.600000,2023-5-13 11:39:27,99.60
1,-74.133896,40.745438,-22.200001,2023-5-13 11:39:30,98.54
1,-74.133011,40.745735,-23.600000,2023-5-13 11:39:33,98.01
1,-74.132179,40.746086,-24.799999,2023-5-13 11:39:36,96.21
1,-74.131409,40.746471,-25.500000,2023-5-13 11:39:39,93.60
1,-74.130707,40.746895,-26.400000,2023-5-13 11:39:42,90.86
1,-74.130096,40.747383,-27.600000,2023-5-13 11:39:45,89.54
1,-74.129585,40.747940,-28.200001,2023-5-13 11:39:48,90.38
1,-74.129166,40.748539,-27.900000,2023-5-13 11:39:51,90.66
1,-74.128807,40.749168,-25.600000,2023-5-13 11:39:54,91.29
1,-74.128365,40.750011,-22.299999,2023-5-13 11:39:58,90.14
1,-74.128036,40.750637,-20.700001,2023-5-13 11:40:01,89.51
1,-74.127724,40.751255,-20.100000,2023-5-13 11:40:04,87.69
1,-74.127396,40.751877,-20.500000,2023-5-13 11:40:07,88.34
1,-74.127060,40.752510,-21.500000,2023-5-13 11:40:10,91.06
1,-74.126678,40.753109,-22.500000,2023-5-13 11:40:13,88.06
1,-74.126122,40.753590,-23.200001,2023-5-13 11:40:16,86.25
1,-74.125465,40.753902,-23.400000,2023-5-13 11:40:19,79.77
1,-74.124802,40.754025,-23.600000,2023-5-13 11:40:22,70.28
1,-74.124237,40.754036,-23.299999,2023-5-13 11:40:25,56.80
1,-74.123741,40.754044,-22.700001,2023-5-13 11:40:28,50.73
1,-74.123413,40.754063,-22.299999,2023-5-13 11:40:31,32.67
1,-74.123161,40.754082,-22.000000,2023-5-13 11:40:34,23.41
1,-74.122932,40.754101,-21.100000,2023-5-13 11:40:37,27.22
1,-74.122437,40.754204,-20.500000,2023-5-13 11:40:41,41.52
1,-74.121964,40.754330,-20.400000,2023-5-13 11:40:44,51.04
1,-74.121399,40.754486,-20.799999,2023-5-13 11:40:47,61.23
1,-74.120789,40.754635,-21.299999,2023-5-13 11:40:50,65.82
1,-74.120193,40.754730,-21.700001,2023-5-13 11:40:53,60.65
1,-74.119637,40.754730,-22.200001,2023-5-13 11:40:56,56.26
1,-74.119133,40.754585,-22.799999,2023-5-13 11:40:59,54.99
1,-74.118790,40.754314,-22.400000,2023-5-13 11:41:02,50.74
1,-74.118675,40.753975,-21.200001,2023-5-13 11:41:05,46.26
1,-74.118721,40.753670,-19.900000,2023-5-13 11:41:08,40.19
1,-74.118820,40.753376,-19.000000,2023-5-13 11:41:11,38.76
1,-74.118935,40.753036,-18.299999,2023-5-13 11:41:15,33.41
1,-74.119041,40.752747,-17.900000,2023-5-13 11:41:18,39.80
1,-74.119164,40.752438,-17.600000,2023-5-13 11:41:21,43.50
1,-74.119255,40.752171,-17.100000,2023-5-13 11:41:24,37.71
1,-74.119301,40.752041,-16.900000,2023-5-13 11:41:27,16.58
1,-74.119324,40.751976,-16.700001,2023-5-13 11:41:30,8.54
1,-74.119362,40.751873,-16.500000,2023-5-13 11:41:33,13.93
1,-74.119423,40.751713,-16.200001,2023-5-13 11:41:36,21.67
1,-74.119484,40.751511,-15.800000,2023-5-13 11:41:39,28.06
1,-74.119553,40.751312,-15.500000,2023-5-13 11:41:42,28.50
1,-74.119591,40.751148,-15.100000,2023-5-13 11:41:45,20.74
1,-74.119667,40.750938,-14.800000,2023-5-13 11:41:48,30.67
1,-74.119743,40.750748,-14.300000,2023-5-13 11:41:51,25.28
1,-74.119804,40.750595,-13.900000,2023-5-13 11:41:54,18.50
1,-74.119850,40.750484,-13.600000,2023-5-13 11:41:57,15.17
1,-74.119911,40.750320,-13.300000,2023-5-13 11:42:00,27.35
1,-74.120041,40.750000,-12.700000,2023-5-13 11:42:04,35.50
1,-74.120163,40.749699,-11.900000,2023-5-13 11:42:07,42.11
1,-74.120308,40.749359,-10.700000,2023-5-13 11:42:10,48.37
1,-74.120453,40.749001,-9.500000,2023-5-13 11:42:13,49.63
1,-74.120605,40.748623,-8.300000,2023-5-13 11:42:16,52.99
1,-74.120758,40.748234,-7.100000,2023-5-13 11:42:19,54.26
1,-74.120911,40.747849,-5.800000,2023-5-13 11:42:22,53.97
1,-74.121071,40.747463,-4.400000,2023-5-13 11:42:25,53.23
1,-74.121231,40.747059,-3.000000,2023-5-13 11:42:28,55.82
1,-74.121399,40.746616,-1.500000,2023-5-13 11:42:31,61.75
1,-74.121567,40.746155,0.100000,2023-5-13 11:42:34,64.21
1,-74.121727,40.745724,1.700000,2023-5-13 11:42:37,58.97
1,-74.121895,40.745296,3.200000,2023-5-13 11:42:40,59.73
1,-74.122101,40.744762,5.100000,2023-5-13 11:42:44,53.91
1,-74.122246,40.744370,6.400000,2023-5-13 11:42:47,53.76
1,-74.122391,40.743965,7.500000,2023-5-13 11:42:50,55.80
1,-74.122536,40.743519,8.300000,2023-5-13 11:42:53,61.67
1,-74.122696,40.743046,8.800000,2023-5-13 11:42:56,64.84
1,-74.122864,40.742535,8.800000,2023-5-13 11:42:59,70.41
1,-74.123039,40.741993,8.400000,2023-5-13 11:43:02,74.56
1,-74.123222,40.741428,7.300000,2023-5-13 11:43:05,77.06
1,-74.123421,40.740837,5.700000,2023-5-13 11:43:08,81.62
1,-74.123611,40.740234,3.800000,2023-5-13 11:43:11,81.99
1,-74.123764,40.739632,1.600000,2023-5-13 11:43:14,81.95
1,-74.123871,40.739021,-0.700000,2023-5-13 11:43:17,81.69
1,-74.123940,40.738403,-3.400000,2023-5-13 11:43:20,82.10
1,-74.123993,40.737789,-6.300000,2023-5-13 11:43:23,82.64
1,-74.124046,40.737160,-9.400000,2023-5-13 11:43:26,84.90
1,-74.124100,40.736515,-12.600000,2023-5-13 11:43:29,86.16
1,-74.124161,40.735867,-15.700000,2023-5-13 11:43:32,87.77
1,-74.124245,40.735195,-18.799999,2023-5-13 11:43:35,91.03
1,-74.124451,40.734306,-22.000000,2023-5-13 11:43:39,89.40
1,-74.124702,40.733650,-23.799999,2023-5-13 11:43:42,90.69
1,-74.125031,40.733002,-25.000000,2023-5-13 11:43:45,92.51
1,-74.125458,40.732346,-25.900000,2023-5-13 11:43:48,97.25
1,-74.125977,40.731682,-27.299999,2023-5-13 11:43:51,103.10
1,-74.126587,40.731064,-28.900000,2023-5-13 11:43:54,102.73
1,-74.127251,40.730476,-30.299999,2023-5-13 11:43:57,103.42
1,-74.127922,40.729900,-31.500000,2023-5-13 11:44:00,101.71
1,-74.128586,40.729328,-32.299999,2023-5-13 11:44:03,100.84
1,-74.129456,40.728569,-31.200001,2023-5-13 11:44:07,99.71
1,-74.130112,40.727997,-29.100000,2023-5-13 11:44:10,100.30
1,-74.130775,40.727406,-26.500000,2023-5-13 11:44:13,102.88
1,-74.131439,40.726807,-23.700001,2023-5-13 11:44:16,104.21
1,-74.132072,40.726185,-21.299999,2023-5-13 11:44:19,103.82
1,-74.132660,40.725548,-19.500000,2023-5-13 11:44:22,103.23
1,-74.133194,40.724907,-18.600000,2023-5-13 11:44:25,100.01
1,-74.133682,40.724247,-19.299999,2023-5-13 11:44:28,100.58
1,-74.134140,40.723545,-21.400000,2023-5-13 11:44:31,104.30
1,-74.134537,40.722797,-24.200001,2023-5-13 11:44:34,107.23
1,-74.134789,40.722004,-26.600000,2023-5-13 11:44:37,108.68
1,-74.134979,40.721188,-28.299999,2023-5-13 11:44:40,110.62
1,-74.135155,40.720364,-29.200001,2023-5-13 11:44:43,111.03
1,-74.135414,40.719280,-30.100000,2023-5-13 11:44:47,109.99
1,-74.135666,40.718483,-29.400000,2023-5-13 11:44:50,109.88
1,-74.136047,40.717705,-28.500000,2023-5-13 11:44:53,110.47
1,-74.136566,40.716976,-27.400000,2023-5-13 11:44:56,111.31
1,-74.137169,40.716282,-26.600000,2023-5-13 11:44:59,110.81
1,-74.137833,40.715630,-26.200001,2023-5-13 11:45:02,110.10
1,-74.138580,40.715023,-26.200001,2023-5-13 11:45:05,111.08
1,-74.139397,40.714466,-26.299999,2023-5-13 11:45:08,111.56
1,-74.140251,40.713985,-26.500000,2023-5-13 11:45:11,107.82
1,-74.141113,40.713570,-26.600000,2023-5-13 11:45:14,103.97
1,-74.141991,40.713207,-26.100000,2023-5-13 11:45:17,99.32
1,-74.142868,40.712868,-24.799999,2023-5-13 11:45:20,101.21
1,-74.143768,40.712513,-22.900000,2023-5-13 11:45:23,101.51
1,-74.144646,40.712185,-20.700001,2023-5-13 11:45:26,98.75
1,-74.145782,40.711739,-17.799999,2023-5-13 11:45:30,96.79
1,-74.146622,40.711361,-16.200001,2023-5-13 11:45:33,98.62
1,-74.147430,40.710922,-14.600000,2023-5-13 11:45:36,100.95
1,-74.148216,40.710430,-13.500000,2023-5-13 11:45:39,103.32
1,-74.148956,40.709877,-13.300000,2023-5-13 11:45:42,105.62
1,-74.149643,40.709290,-14.400000,2023-5-13 11:45:45,105.25
1,-74.150261,40.708668,-16.299999,2023-5-13 11:45:48,104.51
1,-74.150818,40.708019,-19.000000,2023-5-13 11:45:51,103.79
1,-74.151306,40.707329,-22.200001,2023-5-13 11:45:54,105.47
1,-74.151947,40.706367,-26.400000,2023-5-13 11:45:58,108.21
1,-74.152428,40.705620,-28.500000,2023-5-13 11:46:01,111.45
1,-74.152893,40.704880,-29.900000,2023-5-13 11:46:04,109.68
1,-74.153328,40.704128,-30.500000,2023-5-13 11:46:07,109.56
1,-74.153732,40.703381,-30.700001,2023-5-13 11:46:10,107.23
1,-74.154129,40.702641,-30.500000,2023-5-13 11:46:13,105.92
1,-74.154518,40.701904,-30.200001,2023-5-13 11:46:16,105.29
1,-74.154915,40.701168,-29.700001,2023-5-13 11:46:19,106.12
1,-74.155312,40.700443,-29.500000,2023-5-13 11:46:22,103.92
1,-74.155708,40.699749,-29.299999,2023-5-13 11:46:25,100.34
1,-74.156113,40.699070,-29.200001,2023-5-13 11:46:28,98.95
1,-74.156670,40.698181,-29.200001,2023-5-13 11:46:32,98.01
1,-74.157104,40.697517,-29.299999,2023-5-13 11:46:35,98.60
1,-74.157570,40.696842,-29.299999,2023-5-13 11:46:38,101.38
1,-74.158051,40.696163,-29.299999,2023-5-13 11:46:41,103.36
1,-74.158562,40.695465,-29.299999,2023-5-13 11:46:44,106.53
1,-74.159073,40.694763,-29.299999,2023-5-13 11:46:47,106.84
1,-74.159576,40.694069,-29.400000,2023-5-13 11:46:50,105.68
1,-74.160072,40.693390,-29.400000,2023-5-13 11:46:53,103.56
1,-74.160568,40.692715,-29.400000,2023-5-13 11:46:56,102.14
1,-74.161041,40.692059,-29.500000,2023-5-13 11:46:59,98.93
1,-74.161507,40.691422,-29.500000,2023-5-13 11:47:02,96.01
1,-74.162086,40.690594,-29.600000,2023-5-13 11:47:06,93.06
1,-74.162521,40.689987,-29.600000,2023-5-13 11:47:09,92.06
1,-74.162941,40.689381,-29.600000,2023-5-13 11:47:12,91.41
1,-74.163368,40.688755,-29.600000,2023-5-13 11:47:15,94.19
1,-74.163834,40.688091,-29.500000,2023-5-13 11:47:18,100.97
1,-74.164307,40.687408,-29.200001,2023-5-13 11:47:21,102.97
1,-74.164787,40.686718,-29.100000,2023-5-13 11:47:24,104.10
1,-74.165283,40.685997,-28.900000,2023-5-13 11:47:27,108.79
1,-74.165794,40.685268,-28.799999,2023-5-13 11:47:30,110.32
1,-74.166313,40.684547,-28.700001,2023-5-13 11:47:33,109.88
1,-74.166817,40.683834,-28.799999,2023-5-13 11:47:36,107.01
1,-74.167465,40.682907,-29.000000,2023-5-13 11:47:40,104.21
1,-74.167946,40.682220,-29.100000,2023-5-13 11:47:43,103.51
1,-74.168411,40.681549,-29.000000,2023-5-13 11:47:46,100.93
1,-74.168861,40.680897,-29.000000,2023-5-13 11:47:49,98.03
1,-74.169319,40.680241,-29.100000,2023-5-13 11:47:52,98.77
1,-74.169777,40.679569,-29.200001,2023-5-13 11:47:55,100.99
1,-74.170250,40.678902,-29.299999,2023-5-13 11:47:58,100.92
1,-74.170715,40.678234,-29.500000,2023-5-13 11:48:01,100.82
1,-74.171173,40.677570,-29.700001,2023-5-13 11:48:04,99.49
1,-74.171646,40.676903,-29.799999,2023-5-13 11:48:07,101.30
1,-74.172142,40.676239,-29.799999,2023-5-13 11:48:10,101.73
1,-74.172676,40.675587,-29.799999,2023-5-13 11:48:13,102.32
1,-74.173241,40.674942,-29.700001,2023-5-13 11:48:16,103.99
1,-74.173836,40.674297,-29.799999,2023-5-13 11:48:19,104.84
1,-74.174431,40.673656,-29.799999,2023-5-13 11:48:22,104.56
1,-74.175217,40.672813,-29.799999,2023-5-13 11:48:26,102.90
1,-74.175812,40.672180,-29.799999,2023-5-13 11:48:29,103.43
1,-74.176407,40.671562,-29.799999,2023-5-13 11:48:32,101.99
1,-74.176987,40.670963,-29.900000,2023-5-13 11:48:35,98.86
1,-74.177567,40.670364,-30.100000,2023-5-13 11:48:38,98.88
1,-74.178139,40.669777,-30.299999,2023-5-13 11:48:41,97.43
1,-74.178711,40.669212,-31.000000,2023-5-13 11:48:44,94.77
1,-74.179253,40.668705,-32.099998,2023-5-13 11:48:47,86.97
1,-74.179733,40.668205,-33.299999,2023-5-13 11:48:50,80.60
1,-74.180191,40.667728,-34.099998,2023-5-13 11:48:53,77.62
1,-74.180779,40.667240,-32.900002,2023-5-13 11:48:57,63.51
1,-74.181267,40.667027,-32.099998,2023-5-13 11:49:00,56.87
1,-74.181808,40.667034,-31.299999,2023-5-13 11:49:03,55.47
1,-74.182320,40.667240,-30.500000,2023-5-13 11:49:06,58.65
1,-74.182693,40.667606,-29.200001,2023-5-13 11:49:09,61.52
1,-74.182915,40.668026,-27.799999,2023-5-13 11:49:12,60.12
1,-74.183075,40.668423,-26.700001,2023-5-13 11:49:15,54.19
1,-74.183250,40.668785,-26.000000,2023-5-13 11:49:18,50.71
1,-74.183411,40.669098,-25.299999,2023-5-13 11:49:21,43.36
1,-74.183586,40.669403,-25.000000,2023-5-13 11:49:24,47.87
1,-74.183891,40.669922,-25.299999,2023-5-13 11:49:28,58.21
1,-74.184113,40.670326,-25.500000,2023-5-13 11:49:31,58.10
1,-74.184204,40.670712,-26.000000,2023-5-13 11:49:34,51.97
1,-74.184090,40.671082,-26.100000,2023-5-13 11:49:37,50.50
1,-74.183754,40.671322,-25.200001,2023-5-13 11:49:40,46.69
1,-74.183281,40.671402,-24.299999,2023-5-13 11:49:43,47.49
1,-74.182716,40.671383,-23.799999,2023-5-13 11:49:46,55.84
1,-74.182076,40.671227,-23.500000,2023-5-13 11:49:49,67.49
1,-74.181427,40.671005,-24.200001,2023-5-13 11:49:52,72.02
1,-74.181000,40.670837,-25.200001,2023-5-13 11:49:55,34.84
1,-74.180908,40.670795,-26.000000,2023-5-13 11:49:59,3.56
1,-74.180908,40.670799,-26.000000,2023-5-13 11:50:02,0.00
1,-74.180908,40.670803,-26.000000,2023-5-13 11:50:05,0.00
1,-74.180908,40.670803,-26.000000,2023-5-13 11:50:08,0.00
1,-74.180908,40.670803,-26.000000,2023-5-13 11:50:11,0.00
1,-74.180908,40.670803,-26.000000,2023-5-13 11:50:14,0.00
1,-74.180908,40.670803,-26.000000,2023-5-13 11:50:17,0.00
1,-74.180908,40.670803,-26.000000,2023-5-13 11:50:20,0.00
1,-74.180908,40.670803,-26.000000,2023-5-13 11:50:23,0.00
1,-74.180916,40.670799,-26.000000,2023-5-13 11:50:26,1.89
1,-74.180923,40.670788,-26.000000,2023-5-13 11:50:29,0.00
1,-74.180931,40.670780,-26.000000,2023-5-13 11:50:33,0.00
1,-74.180931,40.670780,-26.000000,2023-5-13 11:50:36,0.00
1,-74.180931,40.670776,-26.000000,2023-5-13 11:50:39,0.00
1,-74.180931,40.670776,-26.000000,2023-5-13 11:50:42,0.00
1,-74.180939,40.670776,-26.000000,2023-5-13 11:50:45,0.00
1,-74.180939,40.670776,-26.000000,2023-5-13 11:50:48,0.00
1,-74.180939,40.670776,-26.000000,2023-5-13 11:50:51,0.00
1,-74.180939,40.670776,-26.000000,2023-5-13 11:50:54,0.00
1,-74.180939,40.670776,-26.000000,2023-5-13 11:50:57,0.00
1,-74.180817,40.670738,-25.299999,2023-5-13 11:51:00,22.39
1,-74.180511,40.670639,-25.000000,2023-5-13 11:51:03,39.26
1,-74.180099,40.670498,-24.900000,2023-5-13 11:51:06,51.15
1,-74.179413,40.670261,-24.700001,2023-5-13 11:51:10,59.15
1,-74.178864,40.670063,-23.600000,2023-5-13 11:51:13,60.95
1,-74.178314,40.669849,-22.200001,2023-5-13 11:51:16,62.39
1,-74.177727,40.669617,-21.000000,2023-5-13 11:51:19,66.51
1,-74.177109,40.669369,-19.799999,2023-5-13 11:51:22,70.52
1,-74.176483,40.669121,-19.200001,2023-5-13 11:51:25,70.45
1,-74.175888,40.668873,-18.799999,2023-5-13 11:51:28,67.88
1,-74.175323,40.668625,-18.900000,2023-5-13 11:51:31,65.60
1,-74.174767,40.668373,-20.200001,2023-5-13 11:51:34,65.39
1,-74.173996,40.668045,-23.400000,2023-5-13 11:51:38,66.88
1,-74.173431,40.667824,-25.799999,2023-5-13 11:51:41,64.71
1,-74.172905,40.667622,-27.500000,2023-5-13 11:51:44,59.23
1,-74.172455,40.667442,-28.600000,2023-5-13 11:51:47,51.58
1,-74.172112,40.667316,-29.000000,2023-5-13 11:51:50,38.23
1,-74.171906,40.667236,-28.900000,2023-5-13 11:51:53,23.00
1,-74.171814,40.667198,-28.400000,2023-5-13 11:51:56,11.89
1,-74.171806,40.667198,-28.000000,2023-5-13 11:51:59,0.93
1,-74.171806,40.667198,-28.000000,2023-5-13 11:52:02,0.00
1,-74.171806,40.667198,-28.000000,2023-5-13 11:52:05,0.00
1,-74.171806,40.667198,-28.000000,2023-5-13 11:52:08,0.00
1,-74.171806,40.667198,-28.000000,2023-5-13 11:52:12,0.00
1,-74.171700,40.667198,-26.400000,2023-5-13 11:52:15,13.15
1,-74.171501,40.667252,-25.600000,2023-5-13 11:52:18,22.59
1,-74.171326,40.667450,-24.700001,2023-5-13 11:52:21,32.04
1,-74.171120,40.667747,-23.900000,2023-5-13 11:52:24,45.26
1,-74.170876,40.668098,-23.600000,2023-5-13 11:52:27,53.04
1,-74.170662,40.668434,-23.600000,2023-5-13 11:52:30,49.99
1,-74.170609,40.668758,-23.799999,2023-5-13 11:52:33,43.17
1,-74.170883,40.668999,-23.700001,2023-5-13 11:52:36,40.73
1,-74.171341,40.669182,-22.900000,2023-5-13 11:52:39,51.21
1,-74.171814,40.669369,-22.299999,2023-5-13 11:52:42,52.30
1,-74.172211,40.669598,-21.900000,2023-5-13 11:52:45,49.67
1,-74.172371,40.669922,-21.400000,2023-5-13 11:52:48,45.54
1,-74.172203,40.670288,-20.700001,2023-5-13 11:52:51,51.84
1,-74.171928,40.670670,-19.900000,2023-5-13 11:52:54,57.47
1,-74.171654,40.671043,-18.700001,2023-5-13 11:52:57,55.30
1,-74.171432,40.671345,-17.799999,2023-5-13 11:53:00,38.19
1,-74.171211,40.671623,-17.000000,2023-5-13 11:53:04,31.30
1,-74.171013,40.671890,-16.700001,2023-5-13 11:53:07,41.00
1,-74.170830,40.672146,-16.500000,2023-5-13 11:53:10,38.63
1,-74.170685,40.672337,-16.400000,2023-5-13 11:53:13,27.82
1,-74.170532,40.672546,-16.299999,2023-5-13 11:53:16,31.69
1,-74.170341,40.672813,-16.299999,2023-5-13 11:53:19,41.10
1,-74.170189,40.673035,-16.200001,2023-5-13 11:53:22,33.47
1,-74.170052,40.673214,-16.200001,2023-5-13 11:53:25,26.84
1,-74.169907,40.673409,-16.400000,2023-5-13 11:53:28,30.39
1,-74.169807,40.673553,-16.799999,2023-5-13 11:53:31,20.63
1,-74.169685,40.673733,-17.299999,2023-5-13 11:53:34,27.48
1,-74.169548,40.673923,-17.799999,2023-5-13 11:53:37,28.72
1,-74.169403,40.674129,-18.100000,2023-5-13 11:53:40,31.76
1,-74.169304,40.674305,-18.600000,2023-5-13 11:53:43,22.67
1,-74.169395,40.674435,-19.000000,2023-5-13 11:53:46,22.22
1,-74.169594,40.674519,-19.900000,2023-5-13 11:53:50,14.13
1,-74.169670,40.674526,-19.500000,2023-5-13 11:53:53,6.91
1,-74.169746,40.674442,-18.400000,2023-5-13 11:53:56,14.65
1,-74.169800,40.674358,-17.799999,2023-5-13 11:53:59,12.72
1,-74.169861,40.674316,-17.700001,2023-5-13 11:54:02,8.56
1,-74.169899,40.674324,-17.000000,2023-5-13 11:54:05,4.44
1,-74.169907,40.674324,-17.000000,2023-5-13 11:54:08,0.11
1,-74.169914,40.674324,-17.000000,2023-5-13 11:54:11,0.00
1,-74.169914,40.674328,-17.000000,2023-5-13 11:54:14,0.00
1,-74.169968,40.674320,-19.900000,2023-5-13 11:54:18,5.30
1,-74.169968,40.674320,-19.000000,2023-5-13 11:54:21,0.72
1,-74.170174,40.673714,-26.500000,2023-5-13 13:08:39,14.11
1,-74.170067,40.673668,-26.200001,2023-5-13 13:08:42,13.32
1,-74.170013,40.673637,-25.900000,2023-5-13 13:08:45,5.28
1,-74.170006,40.673538,-25.000000,2023-5-13 13:08:48,13.15
1,-74.170097,40.673359,-25.000000,2023-5-13 13:08:51,26.15
1,-74.170242,40.673176,-25.000000,2023-5-13 13:08:54,28.04
1,-74.170334,40.673065,-25.000000,2023-5-13 13:08:57,16.43
1,-74.170433,40.672909,-27.799999,2023-5-13 13:09:00,22.98
1,-74.170586,40.672684,-25.799999,2023-5-13 13:09:03,33.32
1,-74.170799,40.672413,-21.299999,2023-5-13 13:09:07,29.87
1,-74.170898,40.672302,-18.200001,2023-5-13 13:09:10,15.59
1,-74.170975,40.672195,-15.800000,2023-5-13 13:09:13,15.04
1,-74.171120,40.671993,-13.100000,2023-5-13 13:09:16,30.09
1,-74.171288,40.671753,-10.600000,2023-5-13 13:09:19,36.52
1,-74.171463,40.671524,-7.600000,2023-5-13 13:09:22,33.84
1,-74.171547,40.671391,-7.100000,2023-5-13 13:09:25,19.32
1,-74.171600,40.671307,-8.200000,2023-5-13 13:09:28,16.17
1,-74.171707,40.671135,-9.800000,2023-5-13 13:09:31,31.54
1,-74.171867,40.670887,-10.900000,2023-5-13 13:09:34,40.00
1,-74.172112,40.670528,-12.600000,2023-5-13 13:09:38,41.95
1,-74.172295,40.670254,-13.800000,2023-5-13 13:09:41,41.74
1,-74.172470,40.669983,-14.800000,2023-5-13 13:09:44,41.10
1,-74.172501,40.669701,-15.600000,2023-5-13 13:09:47,38.54
1,-74.172310,40.669437,-16.100000,2023-5-13 13:09:50,40.95
1,-74.171944,40.669258,-16.200001,2023-5-13 13:09:53,44.24
1,-74.171509,40.669094,-17.000000,2023-5-13 13:09:56,49.10
1,-74.171112,40.668930,-18.299999,2023-5-13 13:09:59,46.10
1,-74.170807,40.668713,-19.600000,2023-5-13 13:10:02,42.52
1,-74.170738,40.668442,-20.400000,2023-5-13 13:10:05,35.58
1,-74.170914,40.668156,-20.500000,2023-5-13 13:10:08,44.15
1,-74.171173,40.667786,-19.600000,2023-5-13 13:10:12,40.63
1,-74.171318,40.667603,-19.100000,2023-5-13 13:10:15,27.28
1,-74.171371,40.667530,-18.500000,2023-5-13 13:10:18,9.78
1,-74.171379,40.667526,-18.000000,2023-5-13 13:10:21,2.07
1,-74.171387,40.667522,-18.000000,2023-5-13 13:10:24,0.00
1,-74.171387,40.667519,-18.000000,2023-5-13 13:10:27,0.00
1,-74.171387,40.667519,-18.000000,2023-5-13 13:10:30,0.00
1,-74.171387,40.667519,-18.000000,2023-5-13 13:10:33,0.00
1,-74.171387,40.667519,-18.000000,2023-5-13 13:10:36,0.00
1,-74.171387,40.667519,-18.000000,2023-5-13 13:10:39,0.00
1,-74.171387,40.667519,-18.000000,2023-5-13 13:10:42,0.00
1,-74.171432,40.667465,-18.100000,2023-5-13 13:10:45,11.50
1,-74.171532,40.667362,-17.799999,2023-5-13 13:10:48,18.89
1,-74.171745,40.667316,-17.400000,2023-5-13 13:10:51,23.74
1,-74.172188,40.667450,-17.400000,2023-5-13 13:10:55,38.87
1,-74.172638,40.667629,-18.299999,2023-5-13 13:10:58,50.10
1,-74.173141,40.667831,-18.900000,2023-5-13 13:11:01,56.78
1,-74.173683,40.668049,-19.900000,2023-5-13 13:11:04,60.17
1,-74.174210,40.668278,-19.700001,2023-5-13 13:11:07,60.71
1,-74.174721,40.668526,-17.299999,2023-5-13 13:11:10,59.67
1,-74.175224,40.668762,-14.500000,2023-5-13 13:11:08,58.49
1,-74.175751,40.668972,-12.700000,2023-5-13 13:11:11,58.88
1,-74.176285,40.669189,-10.500000,2023-5-13 13:11:14,60.62
1,-74.176826,40.669411,-9.500000,2023-5-13 13:11:17,61.49
1,-74.177330,40.669617,-9.600000,2023-5-13 13:11:20,57.02
1,-74.177826,40.669819,-10.300000,2023-5-13 13:11:23,56.52
1,-74.178482,40.670082,-11.800000,2023-5-13 13:11:27,55.50
1,-74.178963,40.670269,-13.700000,2023-5-13 13:11:30,55.00
1,-74.179482,40.670460,-16.500000,2023-5-13 13:11:33,57.78
1,-74.180016,40.670647,-19.600000,2023-5-13 13:11:36,60.50
1,-74.180550,40.670830,-22.200001,2023-5-13 13:11:39,59.30
1,-74.181068,40.671028,-24.400000,2023-5-13 13:11:42,58.08
1,-74.181610,40.671234,-25.799999,2023-5-13 13:11:45,61.13
1,-74.182190,40.671459,-26.500000,2023-5-13 13:11:48,65.86
1,-74.182823,40.671692,-26.799999,2023-5-13 13:11:51,70.86
1,-74.183426,40.671928,-26.799999,2023-5-13 13:11:54,68.64
1,-74.183990,40.672153,-26.900000,2023-5-13 13:11:57,63.89
1,-74.184540,40.672379,-26.799999,2023-5-13 13:12:00,61.17
1,-74.185081,40.672596,-26.299999,2023-5-13 13:12:03,61.17
1,-74.185738,40.672920,-24.299999,2023-5-13 13:12:07,58.73
1,-74.186157,40.673222,-23.299999,2023-5-13 13:12:10,57.97
1,-74.186562,40.673531,-22.299999,2023-5-13 13:12:13,58.17
1,-74.187019,40.673820,-20.700001,2023-5-13 13:12:16,60.52
1,-74.187531,40.674076,-18.500000,2023-5-13 13:12:19,61.99
1,-74.188072,40.674278,-16.500000,2023-5-13 13:12:22,61.30
1,-74.188591,40.674477,-14.900000,2023-5-13 13:12:25,58.60
1,-74.189110,40.674744,-14.400000,2023-5-13 13:12:28,62.91
1,-74.189621,40.675087,-15.100000,2023-5-13 13:12:31,69.45
1,-74.190125,40.675449,-16.600000,2023-5-13 13:12:34,70.26
1,-74.190598,40.675831,-19.700001,2023-5-13 13:12:37,68.56
1,-74.191010,40.676247,-22.299999,2023-5-13 13:12:40,70.95
1,-74.191498,40.676868,-25.799999,2023-5-13 13:12:44,72.73
1,-74.191795,40.677357,-28.900000,2023-5-13 13:12:47,71.75
1,-74.192062,40.677845,-32.400002,2023-5-13 13:12:50,70.25
1,-74.192314,40.678322,-36.400002,2023-5-13 13:12:53,69.32
1,-74.192513,40.678703,-40.000000,2023-5-13 13:12:56,53.99
1,-74.192696,40.679047,-42.299999,2023-5-13 13:12:59,49.02
1,-74.192848,40.679417,-44.599998,2023-5-13 13:13:02,52.10
1,-74.192963,40.679787,-44.700001,2023-5-13 13:13:05,51.02
1,-74.192993,40.680313,-43.900002,2023-5-13 13:13:09,54.23
1,-74.192871,40.680710,-42.200001,2023-5-13 13:13:12,52.84
1,-74.192680,40.681118,-39.700001,2023-5-13 13:13:15,56.89
1,-74.192513,40.681568,-37.799999,2023-5-13 13:13:18,61.76
1,-74.192406,40.682053,-36.400002,2023-5-13 13:13:21,64.71
1,-74.192375,40.682568,-35.400002,2023-5-13 13:13:24,68.10
1,-74.192398,40.683128,-35.599998,2023-5-13 13:13:27,74.88
1,-74.192436,40.683704,-36.700001,2023-5-13 13:13:30,76.77
1,-74.192459,40.684307,-38.700001,2023-5-13 13:13:33,80.17
1,-74.192474,40.684948,-42.099998,2023-5-13 13:13:36,85.95
1,-74.192482,40.685612,-47.200001,2023-5-13 13:13:39,88.84
1,-74.192490,40.686264,-54.500000,2023-5-13 13:13:42,86.64
1,-74.192497,40.686916,-64.000000,2023-5-13 13:13:45,86.56
1,-74.192474,40.687767,-76.900002,2023-5-13 13:13:49,84.69
1,-74.192337,40.688396,-85.099998,2023-5-13 13:13:52,85.28
1,-74.192101,40.689018,-87.599998,2023-5-13 13:13:55,85.84
1,-74.191811,40.689632,-83.000000,2023-5-13 13:13:58,86.80
1,-74.191490,40.690231,-75.099998,2023-5-13 13:14:01,85.21
1,-74.191093,40.690807,-67.199997,2023-5-13 13:14:04,85.75
1,-74.190582,40.691341,-60.200001,2023-5-13 13:14:07,86.80
1,-74.189980,40.691833,-54.000000,2023-5-13 13:14:10,88.97
1,-74.189346,40.692295,-49.000000,2023-5-13 13:14:13,88.80
1,-74.188728,40.692738,-45.500000,2023-5-13 13:14:16,84.99
1,-74.188148,40.693165,-43.200001,2023-5-13 13:14:19,82.62
1,-74.187569,40.693626,-41.099998,2023-5-13 13:14:22,85.23
1,-74.186874,40.694286,-38.799999,2023-5-13 13:14:26,85.15
1,-74.186394,40.694828,-37.000000,2023-5-13 13:14:29,86.58
1,-74.185921,40.695381,-35.299999,2023-5-13 13:14:32,87.32
1,-74.185478,40.695942,-34.099998,2023-5-13 13:14:35,87.47
1,-74.185036,40.696514,-33.099998,2023-5-13 13:14:38,88.73
1,-74.184647,40.697105,-31.400000,2023-5-13 13:14:41,87.95
1,-74.184334,40.697723,-30.600000,2023-5-13 13:14:44,88.17
1,-74.184105,40.698372,-30.400000,2023-5-13 13:14:47,88.82
1,-74.183937,40.699032,-30.799999,2023-5-13 13:14:50,88.99
1,-74.183792,40.699715,-31.299999,2023-5-13 13:14:53,91.45
1,-74.183670,40.700413,-31.799999,2023-5-13 13:14:56,93.51
1,-74.183571,40.701118,-33.599998,2023-5-13 13:14:59,94.93
1,-74.183556,40.702084,-36.099998,2023-5-13 13:15:03,96.80
1,-74.183540,40.702820,-37.900002,2023-5-13 13:15:06,97.88
1,-74.183327,40.703510,-39.700001,2023-5-13 13:15:09,94.90
1,-74.182892,40.704124,-40.799999,2023-5-13 13:15:12,92.88
1,-74.182266,40.704628,-41.099998,2023-5-13 13:15:15,92.49
1,-74.181496,40.705002,-40.900002,2023-5-13 13:15:18,93.10
1,-74.180672,40.705284,-40.400002,2023-5-13 13:15:21,91.99
1,-74.179848,40.705551,-39.900002,2023-5-13 13:15:24,89.69
1,-74.179085,40.705841,-37.500000,2023-5-13 13:15:27,84.78
1,-74.178261,40.706398,-33.799999,2023-5-13 13:15:31,84.75
1,-74.177834,40.706936,-30.799999,2023-5-13 13:15:34,83.84
1,-74.177597,40.707581,-28.900000,2023-5-13 13:15:37,89.58
1,-74.177544,40.708275,-26.500000,2023-5-13 13:15:40,92.06
1,-74.177536,40.708969,-24.600000,2023-5-13 13:15:43,91.60
1,-74.177536,40.709656,-23.400000,2023-5-13 13:15:46,90.69
1,-74.177551,40.710312,-21.600000,2023-5-13 13:15:49,86.97
1,-74.177567,40.710941,-20.000000,2023-5-13 13:15:52,83.17
1,-74.177605,40.711479,-19.400000,2023-5-13 13:15:55,65.88
1,-74.177773,40.711952,-20.200001,2023-5-13 13:15:58,64.06
1,-74.178436,40.712318,-20.600000,2023-5-13 13:16:02,60.93
1,-74.179085,40.712303,-20.500000,2023-5-13 13:16:05,62.39
1,-74.179619,40.712025,-21.400000,2023-5-13 13:16:08,60.17
1,-74.180031,40.711597,-22.900000,2023-5-13 13:16:11,64.89
1,-74.180534,40.711170,-24.799999,2023-5-13 13:16:14,72.10
1,-74.181175,40.710823,-26.100000,2023-5-13 13:16:17,76.27
1,-74.181915,40.710548,-26.700001,2023-5-13 13:16:20,80.93
1,-74.182671,40.710300,-26.700001,2023-5-13 13:16:23,81.23
1,-74.183487,40.710007,-25.299999,2023-5-13 13:16:26,91.54
1,-74.184334,40.709713,-23.400000,2023-5-13 13:16:29,91.71
1,-74.185425,40.709347,-20.700001,2023-5-13 13:16:33,88.75
1,-74.186249,40.709106,-18.700001,2023-5-13 13:16:36,87.78
1,-74.187065,40.708920,-17.200001,2023-5-13 13:16:39,85.51
1,-74.187920,40.708775,-16.299999,2023-5-13 13:16:42,87.34
1,-74.188797,40.708691,-16.000000,2023-5-13 13:16:45,89.62
1,-74.189667,40.708679,-16.500000,2023-5-13 13:16:48,86.56
1,-74.190544,40.708733,-17.799999,2023-5-13 13:16:51,88.34
1,-74.191406,40.708870,-19.500000,2023-5-13 13:16:54,88.06
1,-74.192200,40.709106,-20.799999,2023-5-13 13:16:57,83.71
1,-74.193130,40.709446,-22.299999,2023-5-13 13:17:01,76.15
1,-74.193802,40.709702,-22.900000,2023-5-13 13:17:04,75.28
1,-74.194466,40.709969,-23.000000,2023-5-13 13:17:07,74.67
1,-74.195137,40.710266,-22.600000,2023-5-13 13:17:10,77.41
1,-74.195778,40.710594,-20.900000,2023-5-13 13:17:13,78.12
1,-74.196358,40.710972,-20.600000,2023-5-13 13:17:16,76.38
1,-74.196953,40.711380,-20.400000,2023-5-13 13:17:19,81.32
1,-74.197571,40.711807,-19.799999,2023-5-13 13:17:22,85.17
1,-74.198212,40.712215,-19.100000,2023-5-13 13:17:25,86.47
1,-74.199188,40.712715,-17.299999,2023-5-13 13:17:29,90.84
1,-74.199989,40.713070,-15.300000,2023-5-13 13:17:32,94.45
1,-74.200768,40.713413,-13.400000,2023-5-13 13:17:35,90.82
1,-74.201523,40.713753,-12.100000,2023-5-13 13:17:38,88.40
1,-74.202286,40.714088,-9.900000,2023-5-13 13:17:41,88.56
1,-74.203072,40.714432,-7.900000,2023-5-13 13:17:44,91.95
1,-74.203918,40.714756,-5.700000,2023-5-13 13:17:47,96.42
1,-74.204803,40.715084,-4.000000,2023-5-13 13:17:50,99.38
1,-74.205711,40.715397,-2.400000,2023-5-13 13:17:53,100.27
1,-74.206635,40.715683,-0.600000,2023-5-13 13:17:56,101.53
1,-74.207916,40.716015,2.000000,2023-5-13 13:18:00,102.30
1,-74.208893,40.716232,4.200000,2023-5-13 13:18:03,103.08
1,-74.209892,40.716412,6.100000,2023-5-13 13:18:06,103.66
1,-74.210915,40.716560,7.700000,2023-5-13 13:18:09,105.47
1,-74.211983,40.716690,8.500000,2023-5-13 13:18:12,109.21
1,-74.213043,40.716763,9.100000,2023-5-13 13:18:15,108.25
1,-74.214104,40.716789,10.300000,2023-5-13 13:18:18,106.80
1,-74.215157,40.716782,11.500000,2023-5-13 13:18:21,106.92
1,-74.216209,40.716732,12.800000,2023-5-13 13:18:24,106.47
1,-74.217262,40.716621,13.400000,2023-5-13 13:18:27,107.60
1,-74.218307,40.716450,13.800000,2023-5-13 13:18:30,108.64
1,-74.219315,40.716194,14.100000,2023-5-13 13:18:33,106.64
1,-74.220284,40.715897,13.100000,2023-5-13 13:18:36,105.12
1,-74.221535,40.715408,11.200000,2023-5-13 13:18:40,106.38
1,-74.222412,40.714981,9.400000,2023-5-13 13:18:43,104.32
1,-74.223228,40.714520,7.500000,2023-5-13 13:18:46,103.17
1,-74.223969,40.714008,5.800000,2023-5-13 13:18:49,100.88
1,-74.224663,40.713455,4.600000,2023-5-13 13:18:52,100.27
1,-74.225288,40.712887,4.500000,2023-5-13 13:18:55,98.21
1,-74.225883,40.712322,6.100000,2023-5-13 13:18:58,95.10
1,-74.226448,40.711761,8.200000,2023-5-13 13:19:01,91.32
1,-74.227264,40.710995,10.800000,2023-5-13 13:19:05,99.62
1,-74.227913,40.710388,12.000000,2023-5-13 13:19:08,103.75
1,-74.228607,40.709808,12.400000,2023-5-13 13:19:11,103.88
1,-74.229385,40.709305,12.500000,2023-5-13 13:19:14,103.03
1,-74.230217,40.708878,12.100000,2023-5-13 13:19:17,101.19
1,-74.231049,40.708447,11.400000,2023-5-13 13:19:20,100.97
1,-74.231880,40.708027,10.000000,2023-5-13 13:19:23,100.66
1,-74.232712,40.707615,8.100000,2023-5-13 13:19:26,99.92
1,-74.233528,40.707211,5.800000,2023-5-13 13:19:29,97.21
1,-74.234352,40.706806,4.200000,2023-5-13 13:19:32,98.86
1,-74.235481,40.706310,3.900000,2023-5-13 13:19:36,99.03
1,-74.236366,40.705990,4.500000,2023-5-13 13:19:39,99.71
1,-74.237244,40.705727,5.900000,2023-5-13 13:19:42,94.97
1,-74.238136,40.705521,7.500000,2023-5-13 13:19:45,94.14
1,-74.239044,40.705360,8.500000,2023-5-13 13:19:48,93.69
1,-74.239960,40.705250,8.900000,2023-5-13 13:19:51,94.06
1,-74.240913,40.705189,8.400000,2023-5-13 13:19:54,95.79
1,-74.241875,40.705177,7.100000,2023-5-13 13:19:57,96.97
1,-74.242851,40.705208,4.800000,2023-5-13 13:20:00,98.36
1,-74.243858,40.705265,2.700000,2023-5-13 13:20:03,102.38
1,-74.244888,40.705368,0.600000,2023-5-13 13:20:06,104.66
1,-74.245903,40.705502,-1.400000,2023-5-13 13:20:09,103.82
1,-74.247238,40.705704,-4.100000,2023-5-13 13:20:13,102.73
1,-74.248230,40.705872,-6.100000,2023-5-13 13:20:16,102.12
1,-74.249207,40.706059,-9.400000,2023-5-13 13:20:19,102.40
1,-74.250198,40.706249,-12.400000,2023-5-13 13:20:22,103.93
1,-74.251198,40.706451,-14.800000,2023-5-13 13:20:25,105.05
1,-74.252106,40.706646,-16.900000,2023-5-13 13:20:28,96.10
1,-74.252968,40.706837,-18.700001,2023-5-13 13:20:31,90.58
1,-74.253853,40.707039,-19.799999,2023-5-13 13:20:34,95.04
1,-74.254768,40.707264,-19.900000,2023-5-13 13:20:37,99.42
1,-74.255974,40.707592,-18.700001,2023-5-13 13:20:41,96.88
1,-74.256790,40.707840,-17.200001,2023-5-13 13:20:44,88.77
1,-74.257599,40.708099,-15.400000,2023-5-13 13:20:47,88.34
1,-74.258415,40.708382,-13.500000,2023-5-13 13:20:50,91.73
1,-74.259239,40.708675,-11.600000,2023-5-13 13:20:53,92.51
1,-74.260048,40.708977,-9.700000,2023-5-13 13:20:56,90.51
1,-74.260857,40.709282,-8.300000,2023-5-13 13:20:59,91.45
1,-74.261772,40.709614,-7.400000,2023-5-13 13:21:02,102.51
1,-74.262741,40.709980,-6.800000,2023-5-13 13:21:05,109.90
1,-74.263695,40.710346,-6.700000,2023-5-13 13:21:08,108.40
1,-74.264656,40.710712,-6.700000,2023-5-13 13:21:11,108.86
1,-74.265617,40.711086,-6.800000,2023-5-13 13:21:14,109.84
1,-74.266907,40.711571,-5.700000,2023-5-13 13:21:18,108.88
1,-74.267876,40.711910,-3.800000,2023-5-13 13:21:21,107.62
1,-74.268845,40.712231,-1.200000,2023-5-13 13:21:24,107.30
1,-74.269821,40.712528,1.600000,2023-5-13 13:21:27,105.79
1,-74.270798,40.712799,4.000000,2023-5-13 13:21:30,105.10
1,-74.271782,40.713047,5.800000,2023-5-13 13:21:33,104.82
1,-74.272774,40.713268,7.500000,2023-5-13 13:21:36,104.43
1,-74.273796,40.713463,9.200000,2023-5-13 13:21:39,106.36
1,-74.274841,40.713650,9.800000,2023-5-13 13:21:42,108.69
1,-74.275909,40.713818,10.000000,2023-5-13 13:21:45,110.64
1,-74.277321,40.713993,9.300000,2023-5-13 13:21:49,108.12
1,-74.278358,40.714100,8.600000,2023-5-13 13:21:52,106.01
1,-74.279366,40.714188,8.000000,2023-5-13 13:21:55,102.36
1,-74.280312,40.714249,7.200000,2023-5-13 13:21:58,96.62
1,-74.281181,40.714302,6.300000,2023-5-13 13:22:01,88.25
1,-74.281937,40.714352,5.200000,2023-5-13 13:22:04,76.77
1,-74.282646,40.714390,3.200000,2023-5-13 13:22:07,72.58
1,-74.283394,40.714424,0.800000,2023-5-13 13:22:10,75.21
1,-74.284180,40.714466,-1.500000,2023-5-13 13:22:13,80.41
1,-74.284927,40.714497,-4.100000,2023-5-13 13:22:16,76.25
1,-74.285599,40.714523,-5.700000,2023-5-13 13:22:19,67.41
1,-74.286156,40.714546,-6.200000,2023-5-13 13:22:22,57.65
1,-74.286598,40.714561,-6.100000,2023-5-13 13:22:25,44.89
1,-74.286926,40.714573,-5.700000,2023-5-13 13:22:28,33.06
1,-74.287170,40.714581,-5.300000,2023-5-13 13:22:31,23.69
1,-74.287300,40.714581,-4.800000,2023-5-13 13:22:34,12.65
1,-74.287445,40.714584,-4.500000,2023-5-13 13:22:37,15.15
1,-74.287590,40.714588,-4.300000,2023-5-13 13:22:40,15.09
1,-74.287720,40.714592,-4.200000,2023-5-13 13:22:43,12.96
1,-74.287849,40.714592,-4.100000,2023-5-13 13:22:47,9.13
1,-74.287941,40.714596,-4.100000,2023-5-13 13:22:50,9.63
1,-74.288094,40.714600,-4.100000,2023-5-13 13:22:53,16.48
1,-74.288307,40.714603,-3.900000,2023-5-13 13:22:56,21.98
1,-74.288528,40.714611,-3.700000,2023-5-13 13:22:59,23.24
1,-74.288757,40.714619,-3.800000,2023-5-13 13:23:02,23.37
1,-74.288963,40.714630,-3.700000,2023-5-13 13:23:05,22.15
1,-74.289146,40.714642,-3.900000,2023-5-13 13:23:08,18.71
1,-74.289322,40.714653,-4.000000,2023-5-13 13:23:11,17.48
1,-74.289490,40.714661,-4.300000,2023-5-13 13:23:14,18.35
1,-74.289696,40.714668,-4.600000,2023-5-13 13:23:17,21.69